"post_inventory_id","user_id","dc_name","sku_name","category","prev_inventory","post_transfer_inventory","forecasted_sales","ideal_invt_days","qty_ac_invt_id_days","qty_remains","pre_invt_days","post_invt_days","run_id","created_at","updated_at"
10001,60,"Bangalore","SKU1000101","PACKAGED SNACKS",30906,3667,7457,15,3667,0,126,15,171,"2024-10-25 13:05:44.50702+00","2024-10-25 13:05:44.50702+00"
10002,60,"Bangalore","SKU1000102","PACKAGED SNACKS",6786,37249,79882,15,39286,-2037,3,14,171,"2024-10-25 13:05:44.692797+00","2024-10-25 13:05:44.692797+00"
10003,60,"Bangalore","SKU1000103","PACKAGED SNACKS",15439,26302,53480,15,26302,0,9,15,171,"2024-10-25 13:05:44.701309+00","2024-10-25 13:05:44.701309+00"
10004,60,"Bangalore","SKU1000104","PACKAGED SNACKS",30477,1545,3142,15,1545,0,296,15,171,"2024-10-25 13:05:44.710128+00","2024-10-25 13:05:44.710128+00"
10005,60,"Bangalore","SKU1000105","PACKAGED SNACKS",15112,51886,105501,15,51886,0,4,15,171,"2024-10-25 13:05:44.719257+00","2024-10-25 13:05:44.719257+00"
10006,60,"Bangalore","SKU1000106","PACKAGED SNACKS",9041,26124,53118,15,26124,0,5,15,171,"2024-10-25 13:05:44.727995+00","2024-10-25 13:05:44.727995+00"
10007,60,"Bangalore","SKU1000107","PACKAGED SNACKS",4449,13027,53108,15,26119,-13092,3,7,171,"2024-10-25 13:05:44.737364+00","2024-10-25 13:05:44.737364+00"
10008,60,"Bangalore","SKU1000108","PACKAGED SNACKS",18458,16877,34316,15,16877,0,16,15,171,"2024-10-25 13:05:44.746392+00","2024-10-25 13:05:44.746392+00"
10009,60,"Bangalore","SKU1000109","BREAKFAST CEREALS",20651,33791,68708,15,33791,0,9,15,171,"2024-10-25 13:05:44.755026+00","2024-10-25 13:05:44.755026+00"
10010,60,"Bangalore","SKU1000110","BREAKFAST CEREALS",9371,9371,30835,15,15165,-5794,9,9,171,"2024-10-25 13:05:44.763301+00","2024-10-25 13:05:44.763301+00"
10011,60,"Bangalore","SKU1000111","BREAKFAST CEREALS",25016,31488,71283,15,35057,-3569,11,13,171,"2024-10-25 13:05:44.771599+00","2024-10-25 13:05:44.771599+00"
10012,60,"Bangalore","SKU1000112","BREAKFAST CEREALS",14575,14194,28861,15,14194,0,15,15,171,"2024-10-25 13:05:44.7866+00","2024-10-25 13:05:44.7866+00"
10013,60,"Bangalore","SKU1000113","BREAKFAST CEREALS",31157,26466,53815,15,26466,0,18,15,171,"2024-10-25 13:05:44.795781+00","2024-10-25 13:05:44.795781+00"
10014,60,"Bangalore","SKU1000114","READY-TO-EAT MEALS",10960,10960,12185,2,799,10161,27,27,171,"2024-10-25 13:05:44.804936+00","2024-10-25 13:05:44.804936+00"
10015,60,"Bangalore","SKU1000115","READY-TO-EAT MEALS",43450,43450,68585,2,4497,38953,19,19,171,"2024-10-25 13:05:44.815447+00","2024-10-25 13:05:44.815447+00"
10016,60,"Bangalore","SKU1000116","READY-TO-EAT MEALS",8082,8082,75232,2,4933,3149,3,3,171,"2024-10-25 13:05:44.824357+00","2024-10-25 13:05:44.824357+00"
10017,60,"Bangalore","SKU1000117","CANNED GOODS",27346,21982,44697,15,21982,0,19,15,171,"2024-10-25 13:05:44.833392+00","2024-10-25 13:05:44.833392+00"
10018,60,"Bangalore","SKU1000118","CANNED GOODS",38158,45150,91804,15,45150,0,13,15,171,"2024-10-25 13:05:44.843015+00","2024-10-25 13:05:44.843015+00"
10019,60,"Bangalore","SKU1000119","CARBONATED DRINKS",13549,34560,85214,15,41909,-7349,5,12,171,"2024-10-25 13:05:44.853017+00","2024-10-25 13:05:44.853017+00"
10020,60,"Bangalore","SKU1000120","CARBONATED DRINKS",4635,6296,12802,15,6296,0,11,15,171,"2024-10-25 13:05:44.862367+00","2024-10-25 13:05:44.862367+00"
10021,60,"Bangalore","SKU1000121","CARBONATED DRINKS",24104,24104,15355,15,7552,16552,48,48,171,"2024-10-25 13:05:44.872196+00","2024-10-25 13:05:44.872196+00"
10022,60,"Bangalore","SKU1000122","CARBONATED DRINKS",13690,33415,70544,15,34694,-1279,6,14,171,"2024-10-25 13:05:44.888009+00","2024-10-25 13:05:44.888009+00"
10023,60,"Bangalore","SKU1000123","CARBONATED DRINKS",10200,15043,30587,15,15043,0,10,15,171,"2024-10-25 13:05:44.896914+00","2024-10-25 13:05:44.896914+00"
10024,60,"Bangalore","SKU1000124","JUICES",12085,12085,20264,1,664,11421,18,18,171,"2024-10-25 13:05:44.906569+00","2024-10-25 13:05:44.906569+00"
10025,60,"Bangalore","SKU1000125","JUICES",11688,11688,34686,1,1137,10551,10,10,171,"2024-10-25 13:05:44.91557+00","2024-10-25 13:05:44.91557+00"
10026,60,"Bangalore","SKU1000126","JUICES",14580,14580,46461,1,1523,13057,10,10,171,"2024-10-25 13:05:44.925269+00","2024-10-25 13:05:44.925269+00"
10027,60,"Bangalore","SKU1000127","JUICES",15973,15973,35091,1,1151,14822,14,14,171,"2024-10-25 13:05:44.934759+00","2024-10-25 13:05:44.934759+00"
10028,60,"Bangalore","SKU1000128","TEA & COFFEE",6255,11672,23733,15,11672,0,8,15,171,"2024-10-25 13:05:44.944083+00","2024-10-25 13:05:44.944083+00"
10029,60,"Bangalore","SKU1000129","TEA & COFFEE",17927,6764,13753,15,6764,0,40,15,171,"2024-10-25 13:05:44.954527+00","2024-10-25 13:05:44.954527+00"
10030,60,"Bangalore","SKU1000130","TEA & COFFEE",6024,24024,65681,15,32302,-8278,3,11,171,"2024-10-25 13:05:44.965087+00","2024-10-25 13:05:44.965087+00"
10031,60,"Bangalore","SKU1000131","TEA & COFFEE",5098,37199,75637,15,37199,0,2,15,171,"2024-10-25 13:05:44.974347+00","2024-10-25 13:05:44.974347+00"
10032,60,"Bangalore","SKU1000132","TEA & COFFEE",5811,10418,38981,15,19171,-8753,5,8,171,"2024-10-25 13:05:44.983523+00","2024-10-25 13:05:44.983523+00"
10033,60,"Bangalore","SKU1000133","TEA & COFFEE",26415,18200,37007,15,18200,0,22,15,171,"2024-10-25 13:05:44.993399+00","2024-10-25 13:05:44.993399+00"
10034,60,"Bangalore","SKU1000134","TEA & COFFEE",16284,11917,17703,15,8706,3211,28,21,171,"2024-10-25 13:05:45.00247+00","2024-10-25 13:05:45.00247+00"
10035,60,"Bangalore","SKU1000135","TEA & COFFEE",13102,13102,39509,15,19431,-6329,10,10,171,"2024-10-25 13:05:45.011996+00","2024-10-25 13:05:45.011996+00"
10036,60,"Bangalore","SKU1000136","ENERGY DRINKS",13039,12274,24957,15,12274,0,16,15,171,"2024-10-25 13:05:45.022422+00","2024-10-25 13:05:45.022422+00"
10037,60,"Bangalore","SKU1000137","ENERGY DRINKS",3966,9341,18994,15,9341,0,6,15,171,"2024-10-25 13:05:45.034477+00","2024-10-25 13:05:45.034477+00"
10038,60,"Bangalore","SKU1000138","ENERGY DRINKS",2078,1553,3157,15,1553,0,20,15,171,"2024-10-25 13:05:45.043488+00","2024-10-25 13:05:45.043488+00"
10039,60,"Bangalore","SKU1000139","ENERGY DRINKS",14126,17885,39161,15,19260,-1375,11,14,171,"2024-10-25 13:05:45.05452+00","2024-10-25 13:05:45.05452+00"
10040,60,"Bangalore","SKU1000140","ENERGY DRINKS",10023,13275,26992,15,13275,0,11,15,171,"2024-10-25 13:05:45.067135+00","2024-10-25 13:05:45.067135+00"
10041,60,"Bangalore","SKU1000141","ENERGY DRINKS",12907,1841,3743,15,1841,0,105,15,171,"2024-10-25 13:05:45.07637+00","2024-10-25 13:05:45.07637+00"
10042,60,"Bangalore","SKU1000142","BREAD, BISCUITS",6499,6499,10181,1,334,6165,19,19,171,"2024-10-25 13:05:45.085874+00","2024-10-25 13:05:45.085874+00"
10043,60,"Bangalore","SKU1000143","BREAD, BISCUITS",17084,17084,21482,1,704,16380,24,24,171,"2024-10-25 13:05:45.095488+00","2024-10-25 13:05:45.095488+00"
10044,60,"Bangalore","SKU1000144","BREAD, BISCUITS",9144,9144,42734,1,1401,7743,7,7,171,"2024-10-25 13:05:45.105506+00","2024-10-25 13:05:45.105506+00"
10045,60,"Bangalore","SKU1000145","BREAD, BISCUITS",10811,10811,12716,1,417,10394,26,26,171,"2024-10-25 13:05:45.11532+00","2024-10-25 13:05:45.11532+00"
10046,60,"Bangalore","SKU1000146","BREAD, BISCUITS",2785,2785,49389,1,1619,1166,2,2,171,"2024-10-25 13:05:45.124692+00","2024-10-25 13:05:45.124692+00"
10047,60,"Bangalore","SKU1000147","CAKES, PASTRIES",788,2190,4454,15,2190,0,5,15,171,"2024-10-25 13:05:45.133822+00","2024-10-25 13:05:45.133822+00"
10048,60,"Bangalore","SKU1000148","CAKES, PASTRIES",14961,7688,15633,15,7688,0,29,15,171,"2024-10-25 13:05:45.143298+00","2024-10-25 13:05:45.143298+00"
10049,60,"Bangalore","SKU1000149","CAKES, PASTRIES",17265,19166,38970,15,19166,0,14,15,171,"2024-10-25 13:05:45.153049+00","2024-10-25 13:05:45.153049+00"
10050,60,"Bangalore","SKU1000150","CAKES, PASTRIES",7552,7990,38444,15,18907,-10917,6,6,171,"2024-10-25 13:05:45.163825+00","2024-10-25 13:05:45.163825+00"
10051,60,"Bhiwandi","SKU1000101","PACKAGED SNACKS",15540,20293,41262,15,20293,0,11,15,171,"2024-10-25 13:05:45.172867+00","2024-10-25 13:05:45.172867+00"
10052,60,"Bhiwandi","SKU1000102","PACKAGED SNACKS",8084,12461,75494,15,37128,-24667,3,5,171,"2024-10-25 13:05:45.183128+00","2024-10-25 13:05:45.183128+00"
10053,60,"Bhiwandi","SKU1000103","PACKAGED SNACKS",53535,29511,60006,15,29511,0,27,15,171,"2024-10-25 13:05:45.19242+00","2024-10-25 13:05:45.19242+00"
10054,60,"Bhiwandi","SKU1000104","PACKAGED SNACKS",9245,43476,88401,15,43476,0,3,15,171,"2024-10-25 13:05:45.201496+00","2024-10-25 13:05:45.201496+00"
10055,60,"Bhiwandi","SKU1000105","PACKAGED SNACKS",49935,35672,72533,15,35672,0,21,15,171,"2024-10-25 13:05:45.2109+00","2024-10-25 13:05:45.2109+00"
10056,60,"Bhiwandi","SKU1000106","PACKAGED SNACKS",5308,5365,84509,15,41562,-36197,2,2,171,"2024-10-25 13:05:45.220933+00","2024-10-25 13:05:45.220933+00"
10057,60,"Bhiwandi","SKU1000107","PACKAGED SNACKS",20122,20122,111681,15,54925,-34803,5,5,171,"2024-10-25 13:05:45.231353+00","2024-10-25 13:05:45.231353+00"
10058,60,"Bhiwandi","SKU1000108","PACKAGED SNACKS",29082,3009,6118,15,3009,0,145,15,171,"2024-10-25 13:05:45.241293+00","2024-10-25 13:05:45.241293+00"
10059,60,"Bhiwandi","SKU1000109","BREAKFAST CEREALS",34074,13725,27907,15,13725,0,37,15,171,"2024-10-25 13:05:45.253324+00","2024-10-25 13:05:45.253324+00"
10060,60,"Bhiwandi","SKU1000110","BREAKFAST CEREALS",28793,28793,116264,15,57179,-28386,8,8,171,"2024-10-25 13:05:45.263784+00","2024-10-25 13:05:45.263784+00"
10061,60,"Bhiwandi","SKU1000111","BREAKFAST CEREALS",37158,56628,166749,15,82008,-25380,7,10,171,"2024-10-25 13:05:45.273051+00","2024-10-25 13:05:45.273051+00"
10062,60,"Bhiwandi","SKU1000112","BREAKFAST CEREALS",7252,16380,35804,15,17609,-1229,6,14,171,"2024-10-25 13:05:45.283053+00","2024-10-25 13:05:45.283053+00"
10063,60,"Bhiwandi","SKU1000113","BREAKFAST CEREALS",44315,32830,4278,15,2104,30726,316,234,171,"2024-10-25 13:05:45.292637+00","2024-10-25 13:05:45.292637+00"
10064,60,"Bhiwandi","SKU1000114","READY-TO-EAT MEALS",6926,6926,46911,2,3076,3850,5,5,171,"2024-10-25 13:05:45.302621+00","2024-10-25 13:05:45.302621+00"
10065,60,"Bhiwandi","SKU1000115","READY-TO-EAT MEALS",41681,41681,84799,2,5561,36120,15,15,171,"2024-10-25 13:05:45.312076+00","2024-10-25 13:05:45.312076+00"
10066,60,"Bhiwandi","SKU1000116","READY-TO-EAT MEALS",25274,25274,84292,2,5527,19747,9,9,171,"2024-10-25 13:05:45.322181+00","2024-10-25 13:05:45.322181+00"
10067,60,"Bhiwandi","SKU1000117","CANNED GOODS",14548,21184,43074,15,21184,0,10,15,171,"2024-10-25 13:05:45.338179+00","2024-10-25 13:05:45.338179+00"
10068,60,"Bhiwandi","SKU1000118","CANNED GOODS",33951,48904,145927,15,71767,-22863,7,10,171,"2024-10-25 13:05:45.348474+00","2024-10-25 13:05:45.348474+00"
10069,60,"Bhiwandi","SKU1000119","CARBONATED DRINKS",10525,10525,59840,15,29430,-18905,5,5,171,"2024-10-25 13:05:45.358078+00","2024-10-25 13:05:45.358078+00"
10070,60,"Bhiwandi","SKU1000120","CARBONATED DRINKS",30035,32444,112978,15,55563,-23119,8,9,171,"2024-10-25 13:05:45.368107+00","2024-10-25 13:05:45.368107+00"
10071,60,"Bhiwandi","SKU1000121","CARBONATED DRINKS",36250,46326,94196,15,46326,0,12,15,171,"2024-10-25 13:05:45.376732+00","2024-10-25 13:05:45.376732+00"
10072,60,"Bhiwandi","SKU1000122","CARBONATED DRINKS",5571,7374,14993,15,7374,0,11,15,171,"2024-10-25 13:05:45.385911+00","2024-10-25 13:05:45.385911+00"
10073,60,"Bhiwandi","SKU1000123","CARBONATED DRINKS",13679,7375,14995,15,7375,0,28,15,171,"2024-10-25 13:05:45.395457+00","2024-10-25 13:05:45.395457+00"
10074,60,"Bhiwandi","SKU1000124","JUICES",21868,21868,30969,1,1015,20853,22,22,171,"2024-10-25 13:05:45.405479+00","2024-10-25 13:05:45.405479+00"
10075,60,"Bhiwandi","SKU1000125","JUICES",9820,9820,48939,1,1605,8215,6,6,171,"2024-10-25 13:05:45.415002+00","2024-10-25 13:05:45.415002+00"
10076,60,"Bhiwandi","SKU1000126","JUICES",16927,16927,55589,1,1823,15104,9,9,171,"2024-10-25 13:05:45.423899+00","2024-10-25 13:05:45.423899+00"
10077,60,"Bhiwandi","SKU1000127","JUICES",16881,16881,53504,1,1754,15127,10,10,171,"2024-10-25 13:05:45.432412+00","2024-10-25 13:05:45.432412+00"
10078,60,"Bhiwandi","SKU1000128","TEA & COFFEE",36767,40569,82490,15,40569,0,14,15,171,"2024-10-25 13:05:45.441592+00","2024-10-25 13:05:45.441592+00"
10079,60,"Bhiwandi","SKU1000129","TEA & COFFEE",5123,21775,50121,15,24650,-2875,3,13,171,"2024-10-25 13:05:45.450466+00","2024-10-25 13:05:45.450466+00"
10080,60,"Bhiwandi","SKU1000130","TEA & COFFEE",8261,8261,35895,15,17653,-9392,7,7,171,"2024-10-25 13:05:45.459948+00","2024-10-25 13:05:45.459948+00"
10081,60,"Bhiwandi","SKU1000131","TEA & COFFEE",19867,18638,37897,15,18638,0,16,15,171,"2024-10-25 13:05:45.468936+00","2024-10-25 13:05:45.468936+00"
10082,60,"Bhiwandi","SKU1000132","TEA & COFFEE",15910,13251,26944,15,13251,0,18,15,171,"2024-10-25 13:05:45.47721+00","2024-10-25 13:05:45.47721+00"
10083,60,"Bhiwandi","SKU1000133","TEA & COFFEE",14311,18701,62582,15,30778,-12077,7,9,171,"2024-10-25 13:05:45.485935+00","2024-10-25 13:05:45.485935+00"
10084,60,"Bhiwandi","SKU1000134","TEA & COFFEE",33355,33355,50108,15,24643,8712,20,20,171,"2024-10-25 13:05:45.49481+00","2024-10-25 13:05:45.49481+00"
10085,60,"Bhiwandi","SKU1000135","TEA & COFFEE",26813,26813,85967,15,42279,-15466,10,10,171,"2024-10-25 13:05:45.503336+00","2024-10-25 13:05:45.503336+00"
10086,60,"Bhiwandi","SKU1000136","ENERGY DRINKS",8380,19069,38774,15,19069,0,7,15,171,"2024-10-25 13:05:45.51281+00","2024-10-25 13:05:45.51281+00"
10087,60,"Bhiwandi","SKU1000137","ENERGY DRINKS",10013,7734,5808,15,2856,4878,53,41,171,"2024-10-25 13:05:45.522596+00","2024-10-25 13:05:45.522596+00"
10088,60,"Bhiwandi","SKU1000138","ENERGY DRINKS",14530,12561,25541,15,12561,0,17,15,171,"2024-10-25 13:05:45.531595+00","2024-10-25 13:05:45.531595+00"
10089,60,"Bhiwandi","SKU1000139","ENERGY DRINKS",13058,13058,29269,15,14395,-1337,14,14,171,"2024-10-25 13:05:45.540663+00","2024-10-25 13:05:45.540663+00"
10090,60,"Bhiwandi","SKU1000140","ENERGY DRINKS",19523,12391,25195,15,12391,0,24,15,171,"2024-10-25 13:05:45.552198+00","2024-10-25 13:05:45.552198+00"
10091,60,"Bhiwandi","SKU1000141","ENERGY DRINKS",1668,18401,37416,15,18401,0,1,15,171,"2024-10-25 13:05:45.562195+00","2024-10-25 13:05:45.562195+00"
10092,60,"Bhiwandi","SKU1000142","BREAD, BISCUITS",11773,11773,26874,1,881,10892,13,13,171,"2024-10-25 13:05:45.571386+00","2024-10-25 13:05:45.571386+00"
10093,60,"Bhiwandi","SKU1000143","BREAD, BISCUITS",12638,12638,67362,1,2209,10429,6,6,171,"2024-10-25 13:05:45.58069+00","2024-10-25 13:05:45.58069+00"
10094,60,"Bhiwandi","SKU1000144","BREAD, BISCUITS",2043,2043,2844,1,93,1950,22,22,171,"2024-10-25 13:05:45.589725+00","2024-10-25 13:05:45.589725+00"
10095,60,"Bhiwandi","SKU1000145","BREAD, BISCUITS",19433,19433,8524,1,279,19154,70,70,171,"2024-10-25 13:05:45.600254+00","2024-10-25 13:05:45.600254+00"
10096,60,"Bhiwandi","SKU1000146","BREAD, BISCUITS",11980,11980,83399,1,2734,9246,4,4,171,"2024-10-25 13:05:45.609671+00","2024-10-25 13:05:45.609671+00"
10097,60,"Bhiwandi","SKU1000147","CAKES, PASTRIES",20039,10661,21677,15,10661,0,28,15,171,"2024-10-25 13:05:45.618915+00","2024-10-25 13:05:45.618915+00"
10098,60,"Bhiwandi","SKU1000148","CAKES, PASTRIES",7024,12639,25699,15,12639,0,8,15,171,"2024-10-25 13:05:45.628887+00","2024-10-25 13:05:45.628887+00"
10099,60,"Bhiwandi","SKU1000149","CAKES, PASTRIES",17395,32326,65729,15,32326,0,8,15,171,"2024-10-25 13:05:45.638884+00","2024-10-25 13:05:45.638884+00"
10100,60,"Bhiwandi","SKU1000150","CAKES, PASTRIES",9873,10769,21897,15,10769,0,14,15,171,"2024-10-25 13:05:45.648736+00","2024-10-25 13:05:45.648736+00"
10101,60,"Chennai","SKU1000101","PACKAGED SNACKS",2785,8718,17726,15,8718,0,5,15,171,"2024-10-25 13:05:45.658584+00","2024-10-25 13:05:45.658584+00"
10102,60,"Chennai","SKU1000102","PACKAGED SNACKS",16164,526,1069,15,526,0,461,15,171,"2024-10-25 13:05:45.669181+00","2024-10-25 13:05:45.669181+00"
10103,60,"Chennai","SKU1000103","PACKAGED SNACKS",11740,15020,30540,15,15020,0,12,15,171,"2024-10-25 13:05:45.677682+00","2024-10-25 13:05:45.677682+00"
10104,60,"Chennai","SKU1000104","PACKAGED SNACKS",20577,42260,85928,15,42260,0,7,15,171,"2024-10-25 13:05:45.688648+00","2024-10-25 13:05:45.688648+00"
10105,60,"Chennai","SKU1000105","PACKAGED SNACKS",5825,11687,64351,15,31648,-19961,3,6,171,"2024-10-25 13:05:45.697963+00","2024-10-25 13:05:45.697963+00"
10106,60,"Chennai","SKU1000106","PACKAGED SNACKS",15416,11344,23066,15,11344,0,20,15,171,"2024-10-25 13:05:45.70661+00","2024-10-25 13:05:45.70661+00"
10107,60,"Chennai","SKU1000107","PACKAGED SNACKS",13483,13547,27546,15,13547,0,15,15,171,"2024-10-25 13:05:45.715658+00","2024-10-25 13:05:45.715658+00"
10108,60,"Chennai","SKU1000108","PACKAGED SNACKS",24662,39235,79778,15,39235,0,9,15,171,"2024-10-25 13:05:45.724544+00","2024-10-25 13:05:45.724544+00"
10109,60,"Chennai","SKU1000109","BREAKFAST CEREALS",58891,11374,3855,15,1896,9478,466,90,171,"2024-10-25 13:05:45.733255+00","2024-10-25 13:05:45.733255+00"
10110,60,"Chennai","SKU1000110","BREAKFAST CEREALS",1468,1468,45011,15,22137,-20669,1,1,171,"2024-10-25 13:05:45.742473+00","2024-10-25 13:05:45.742473+00"
10111,60,"Chennai","SKU1000111","BREAKFAST CEREALS",17883,16025,32585,15,16025,0,17,15,171,"2024-10-25 13:05:45.751117+00","2024-10-25 13:05:45.751117+00"
10112,60,"Chennai","SKU1000112","BREAKFAST CEREALS",7107,11045,70963,15,34900,-23855,3,5,171,"2024-10-25 13:05:45.76006+00","2024-10-25 13:05:45.76006+00"
10113,60,"Chennai","SKU1000113","BREAKFAST CEREALS",10690,30536,62089,15,30536,0,5,15,171,"2024-10-25 13:05:45.768943+00","2024-10-25 13:05:45.768943+00"
10114,60,"Chennai","SKU1000114","READY-TO-EAT MEALS",11937,11937,52176,2,3421,8516,7,7,171,"2024-10-25 13:05:45.777898+00","2024-10-25 13:05:45.777898+00"
10115,60,"Chennai","SKU1000115","READY-TO-EAT MEALS",25535,25535,37861,2,2483,23052,21,21,171,"2024-10-25 13:05:45.787921+00","2024-10-25 13:05:45.787921+00"
10116,60,"Chennai","SKU1000116","READY-TO-EAT MEALS",20796,20796,41964,2,2752,18044,15,15,171,"2024-10-25 13:05:45.797333+00","2024-10-25 13:05:45.797333+00"
10117,60,"Chennai","SKU1000117","CANNED GOODS",8206,18500,58063,15,28556,-10056,4,10,171,"2024-10-25 13:05:45.806054+00","2024-10-25 13:05:45.806054+00"
10118,60,"Chennai","SKU1000118","CANNED GOODS",40815,28248,57438,15,28248,0,22,15,171,"2024-10-25 13:05:45.816031+00","2024-10-25 13:05:45.816031+00"
10119,60,"Chennai","SKU1000119","CARBONATED DRINKS",31758,24899,50627,15,24899,0,19,15,171,"2024-10-25 13:05:45.824011+00","2024-10-25 13:05:45.824011+00"
10120,60,"Chennai","SKU1000120","CARBONATED DRINKS",18989,3946,8023,15,3946,0,72,15,171,"2024-10-25 13:05:45.833019+00","2024-10-25 13:05:45.833019+00"
10121,60,"Chennai","SKU1000121","CARBONATED DRINKS",10688,23241,47256,15,23241,0,7,15,171,"2024-10-25 13:05:45.841557+00","2024-10-25 13:05:45.841557+00"
10122,60,"Chennai","SKU1000122","CARBONATED DRINKS",8394,23574,47934,15,23574,0,5,15,171,"2024-10-25 13:05:45.850579+00","2024-10-25 13:05:45.850579+00"
10123,60,"Chennai","SKU1000123","CARBONATED DRINKS",18107,13604,27662,15,13604,0,20,15,171,"2024-10-25 13:05:45.859311+00","2024-10-25 13:05:45.859311+00"
10124,60,"Chennai","SKU1000124","JUICES",4405,4405,23753,1,779,3626,6,6,171,"2024-10-25 13:05:45.868333+00","2024-10-25 13:05:45.868333+00"
10125,60,"Chennai","SKU1000125","JUICES",7397,7397,45557,1,1494,5903,5,5,171,"2024-10-25 13:05:45.877034+00","2024-10-25 13:05:45.877034+00"
10126,60,"Chennai","SKU1000126","JUICES",4868,4868,5541,1,182,4686,27,27,171,"2024-10-25 13:05:45.886175+00","2024-10-25 13:05:45.886175+00"
10127,60,"Chennai","SKU1000127","JUICES",10447,10447,40650,1,1333,9114,8,8,171,"2024-10-25 13:05:45.895061+00","2024-10-25 13:05:45.895061+00"
10128,60,"Chennai","SKU1000128","TEA & COFFEE",8865,21221,43149,15,21221,0,6,15,171,"2024-10-25 13:05:45.905987+00","2024-10-25 13:05:45.905987+00"
10129,60,"Chennai","SKU1000129","TEA & COFFEE",20119,11705,23801,15,11705,0,26,15,171,"2024-10-25 13:05:45.914771+00","2024-10-25 13:05:45.914771+00"
10130,60,"Chennai","SKU1000130","TEA & COFFEE",2642,8065,29765,15,14639,-6574,3,8,171,"2024-10-25 13:05:45.923839+00","2024-10-25 13:05:45.923839+00"
10131,60,"Chennai","SKU1000131","TEA & COFFEE",49841,23082,46934,15,23082,0,32,15,171,"2024-10-25 13:05:45.932948+00","2024-10-25 13:05:45.932948+00"
10132,60,"Chennai","SKU1000132","TEA & COFFEE",4540,613,1247,15,613,0,111,15,171,"2024-10-25 13:05:45.945285+00","2024-10-25 13:05:45.945285+00"
10133,60,"Chennai","SKU1000133","TEA & COFFEE",15209,27219,55346,15,27219,0,8,15,171,"2024-10-25 13:05:45.954751+00","2024-10-25 13:05:45.954751+00"
10134,60,"Chennai","SKU1000134","TEA & COFFEE",23492,16779,12836,15,6313,10466,56,40,171,"2024-10-25 13:05:45.963119+00","2024-10-25 13:05:45.963119+00"
10135,60,"Chennai","SKU1000135","TEA & COFFEE",2930,2930,50927,15,25046,-22116,2,2,171,"2024-10-25 13:05:45.972216+00","2024-10-25 13:05:45.972216+00"
10136,60,"Chennai","SKU1000136","ENERGY DRINKS",5558,1945,3954,15,1945,0,43,15,171,"2024-10-25 13:05:45.983853+00","2024-10-25 13:05:45.983853+00"
10137,60,"Chennai","SKU1000137","ENERGY DRINKS",6018,7699,15654,15,7699,0,12,15,171,"2024-10-25 13:05:45.992784+00","2024-10-25 13:05:45.992784+00"
10138,60,"Chennai","SKU1000138","ENERGY DRINKS",7830,11642,23672,15,11642,0,10,15,171,"2024-10-25 13:05:46.001402+00","2024-10-25 13:05:46.001402+00"
10139,60,"Chennai","SKU1000139","ENERGY DRINKS",8406,9377,26915,15,13237,-3860,10,11,171,"2024-10-25 13:05:46.010434+00","2024-10-25 13:05:46.010434+00"
10140,60,"Chennai","SKU1000140","ENERGY DRINKS",7103,10374,22574,15,11102,-728,10,14,171,"2024-10-25 13:05:46.019483+00","2024-10-25 13:05:46.019483+00"
10141,60,"Chennai","SKU1000141","ENERGY DRINKS",8316,3066,6235,15,3066,0,41,15,171,"2024-10-25 13:05:46.028538+00","2024-10-25 13:05:46.028538+00"
10142,60,"Chennai","SKU1000142","BREAD, BISCUITS",764,764,23237,1,762,2,1,1,171,"2024-10-25 13:05:46.037789+00","2024-10-25 13:05:46.037789+00"
10143,60,"Chennai","SKU1000143","BREAD, BISCUITS",10407,10407,3697,1,121,10286,86,86,171,"2024-10-25 13:05:46.046239+00","2024-10-25 13:05:46.046239+00"
10144,60,"Chennai","SKU1000144","BREAD, BISCUITS",4997,4997,11784,1,386,4611,13,13,171,"2024-10-25 13:05:46.055225+00","2024-10-25 13:05:46.055225+00"
10145,60,"Chennai","SKU1000145","BREAD, BISCUITS",12347,12347,39873,1,1307,11040,9,9,171,"2024-10-25 13:05:46.063757+00","2024-10-25 13:05:46.063757+00"
10146,60,"Chennai","SKU1000146","BREAD, BISCUITS",18520,18520,36912,1,1210,17310,15,15,171,"2024-10-25 13:05:46.072685+00","2024-10-25 13:05:46.072685+00"
10147,60,"Chennai","SKU1000147","CAKES, PASTRIES",1326,11118,22607,15,11118,0,2,15,171,"2024-10-25 13:05:46.081781+00","2024-10-25 13:05:46.081781+00"
10148,60,"Chennai","SKU1000148","CAKES, PASTRIES",3684,4075,8286,15,4075,0,14,15,171,"2024-10-25 13:05:46.091088+00","2024-10-25 13:05:46.091088+00"
10149,60,"Chennai","SKU1000149","CAKES, PASTRIES",8754,21126,42957,15,21126,0,6,15,171,"2024-10-25 13:05:46.100131+00","2024-10-25 13:05:46.100131+00"
10150,60,"Chennai","SKU1000150","CAKES, PASTRIES",15340,4255,8652,15,4255,0,54,15,171,"2024-10-25 13:05:46.109893+00","2024-10-25 13:05:46.109893+00"
10151,60,"Gurugram","SKU1000101","PACKAGED SNACKS",26336,34673,70501,15,34673,0,11,15,171,"2024-10-25 13:05:46.119033+00","2024-10-25 13:05:46.119033+00"
10152,60,"Gurugram","SKU1000102","PACKAGED SNACKS",53042,48665,98953,15,48665,0,16,15,171,"2024-10-25 13:05:46.128315+00","2024-10-25 13:05:46.128315+00"
10153,60,"Gurugram","SKU1000103","PACKAGED SNACKS",23253,35525,72235,15,35525,0,10,15,171,"2024-10-25 13:05:46.137984+00","2024-10-25 13:05:46.137984+00"
10154,60,"Gurugram","SKU1000104","PACKAGED SNACKS",45206,13949,28362,15,13949,0,49,15,171,"2024-10-25 13:05:46.146319+00","2024-10-25 13:05:46.146319+00"
10155,60,"Gurugram","SKU1000105","PACKAGED SNACKS",27309,3107,6317,15,3107,0,132,15,171,"2024-10-25 13:05:46.15508+00","2024-10-25 13:05:46.15508+00"
10156,60,"Gurugram","SKU1000106","PACKAGED SNACKS",10714,10714,74169,15,36477,-25763,4,4,171,"2024-10-25 13:05:46.164077+00","2024-10-25 13:05:46.164077+00"
10157,60,"Gurugram","SKU1000107","PACKAGED SNACKS",12353,15724,81168,15,39919,-24195,5,6,171,"2024-10-25 13:05:46.172367+00","2024-10-25 13:05:46.172367+00"
10158,60,"Gurugram","SKU1000108","PACKAGED SNACKS",2441,9000,18301,15,9000,0,4,15,171,"2024-10-25 13:05:46.18194+00","2024-10-25 13:05:46.18194+00"
10159,60,"Gurugram","SKU1000109","BREAKFAST CEREALS",25429,25429,21136,15,10395,15034,37,37,171,"2024-10-25 13:05:46.1904+00","2024-10-25 13:05:46.1904+00"
10160,60,"Gurugram","SKU1000110","BREAKFAST CEREALS",502,502,135331,15,66556,-66054,0,0,171,"2024-10-25 13:05:46.200464+00","2024-10-25 13:05:46.200464+00"
10161,60,"Gurugram","SKU1000111","BREAKFAST CEREALS",16614,18708,38040,15,18708,0,13,15,171,"2024-10-25 13:05:46.209982+00","2024-10-25 13:05:46.209982+00"
10162,60,"Gurugram","SKU1000112","BREAKFAST CEREALS",41919,41919,89819,15,44173,-2254,14,14,171,"2024-10-25 13:05:46.218883+00","2024-10-25 13:05:46.218883+00"
10163,60,"Gurugram","SKU1000113","BREAKFAST CEREALS",42663,42663,8176,15,4021,38642,159,159,171,"2024-10-25 13:05:46.2289+00","2024-10-25 13:05:46.2289+00"
10164,60,"Gurugram","SKU1000114","READY-TO-EAT MEALS",30370,30370,75614,2,4958,25412,12,12,171,"2024-10-25 13:05:46.238343+00","2024-10-25 13:05:46.238343+00"
10165,60,"Gurugram","SKU1000115","READY-TO-EAT MEALS",8351,8351,40109,2,2630,5721,6,6,171,"2024-10-25 13:05:46.247145+00","2024-10-25 13:05:46.247145+00"
10166,60,"Gurugram","SKU1000116","READY-TO-EAT MEALS",21597,21597,64279,2,4215,17382,10,10,171,"2024-10-25 13:05:46.255891+00","2024-10-25 13:05:46.255891+00"
10167,60,"Gurugram","SKU1000117","CANNED GOODS",24703,24703,78473,15,38593,-13890,10,10,171,"2024-10-25 13:05:46.264846+00","2024-10-25 13:05:46.264846+00"
10168,60,"Gurugram","SKU1000118","CANNED GOODS",16239,16239,79028,15,38866,-22627,6,6,171,"2024-10-25 13:05:46.273603+00","2024-10-25 13:05:46.273603+00"
10169,60,"Gurugram","SKU1000119","CARBONATED DRINKS",20924,27878,56686,15,27878,0,11,15,171,"2024-10-25 13:05:46.283177+00","2024-10-25 13:05:46.283177+00"
10170,60,"Gurugram","SKU1000120","CARBONATED DRINKS",16607,16607,81215,15,39942,-23335,6,6,171,"2024-10-25 13:05:46.291685+00","2024-10-25 13:05:46.291685+00"
10171,60,"Gurugram","SKU1000121","CARBONATED DRINKS",35850,25774,38298,15,18835,6939,29,21,171,"2024-10-25 13:05:46.300337+00","2024-10-25 13:05:46.300337+00"
10172,60,"Gurugram","SKU1000122","CARBONATED DRINKS",23292,2097,4263,15,2097,0,167,15,171,"2024-10-25 13:05:46.309333+00","2024-10-25 13:05:46.309333+00"
10173,60,"Gurugram","SKU1000123","CARBONATED DRINKS",723,13837,67041,15,32971,-19134,0,6,171,"2024-10-25 13:05:46.31797+00","2024-10-25 13:05:46.31797+00"
10174,60,"Gurugram","SKU1000124","JUICES",11411,11411,33524,1,1099,10312,10,10,171,"2024-10-25 13:05:46.327885+00","2024-10-25 13:05:46.327885+00"
10175,60,"Gurugram","SKU1000125","JUICES",13455,13455,34495,1,1131,12324,12,12,171,"2024-10-25 13:05:46.336561+00","2024-10-25 13:05:46.336561+00"
10176,60,"Gurugram","SKU1000126","JUICES",8409,8409,43501,1,1426,6983,6,6,171,"2024-10-25 13:05:46.345416+00","2024-10-25 13:05:46.345416+00"
10177,60,"Gurugram","SKU1000127","JUICES",35976,35976,45982,1,1508,34468,24,24,171,"2024-10-25 13:05:46.354948+00","2024-10-25 13:05:46.354948+00"
10178,60,"Gurugram","SKU1000128","TEA & COFFEE",42314,38927,79152,15,38927,0,16,15,171,"2024-10-25 13:05:46.363624+00","2024-10-25 13:05:46.363624+00"
10179,60,"Gurugram","SKU1000129","TEA & COFFEE",29981,29981,69897,15,34376,-4395,13,13,171,"2024-10-25 13:05:46.37358+00","2024-10-25 13:05:46.37358+00"
10180,60,"Gurugram","SKU1000130","TEA & COFFEE",16119,16119,78134,15,38427,-22308,6,6,171,"2024-10-25 13:05:46.381966+00","2024-10-25 13:05:46.381966+00"
10181,60,"Gurugram","SKU1000131","TEA & COFFEE",8570,7834,15929,15,7834,0,16,15,171,"2024-10-25 13:05:46.39123+00","2024-10-25 13:05:46.39123+00"
10182,60,"Gurugram","SKU1000132","TEA & COFFEE",11810,14469,59133,15,29082,-14613,6,7,171,"2024-10-25 13:05:46.400642+00","2024-10-25 13:05:46.400642+00"
10183,60,"Gurugram","SKU1000133","TEA & COFFEE",16637,16311,33165,15,16311,0,15,15,171,"2024-10-25 13:05:46.409453+00","2024-10-25 13:05:46.409453+00"
10184,60,"Gurugram","SKU1000134","TEA & COFFEE",19853,19853,4688,15,2306,17547,129,129,171,"2024-10-25 13:05:46.417986+00","2024-10-25 13:05:46.417986+00"
10185,60,"Gurugram","SKU1000135","TEA & COFFEE",1789,1789,19906,15,9790,-8001,3,3,171,"2024-10-25 13:05:46.42711+00","2024-10-25 13:05:46.42711+00"
10186,60,"Gurugram","SKU1000136","ENERGY DRINKS",12581,12773,25972,15,12773,0,15,15,171,"2024-10-25 13:05:46.435687+00","2024-10-25 13:05:46.435687+00"
10187,60,"Gurugram","SKU1000137","ENERGY DRINKS",10253,10253,13262,15,6522,3731,24,24,171,"2024-10-25 13:05:46.444622+00","2024-10-25 13:05:46.444622+00"
10188,60,"Gurugram","SKU1000138","ENERGY DRINKS",10401,8439,17159,15,8439,0,18,15,171,"2024-10-25 13:05:46.453255+00","2024-10-25 13:05:46.453255+00"
10189,60,"Gurugram","SKU1000139","ENERGY DRINKS",9632,9632,37399,15,18393,-8761,8,8,171,"2024-10-25 13:05:46.462718+00","2024-10-25 13:05:46.462718+00"
10190,60,"Gurugram","SKU1000140","ENERGY DRINKS",2752,9884,24034,15,11820,-1936,3,13,171,"2024-10-25 13:05:46.471588+00","2024-10-25 13:05:46.471588+00"
10191,60,"Gurugram","SKU1000141","ENERGY DRINKS",2390,8448,17178,15,8448,0,4,15,171,"2024-10-25 13:05:46.480678+00","2024-10-25 13:05:46.480678+00"
10192,60,"Gurugram","SKU1000142","BREAD, BISCUITS",4920,4920,46678,1,1530,3390,3,3,171,"2024-10-25 13:05:46.489948+00","2024-10-25 13:05:46.489948+00"
10193,60,"Gurugram","SKU1000143","BREAD, BISCUITS",8660,8660,48227,1,1581,7079,5,5,171,"2024-10-25 13:05:46.500489+00","2024-10-25 13:05:46.500489+00"
10194,60,"Gurugram","SKU1000144","BREAD, BISCUITS",7070,7070,31540,1,1034,6036,7,7,171,"2024-10-25 13:05:46.509205+00","2024-10-25 13:05:46.509205+00"
10195,60,"Gurugram","SKU1000145","BREAD, BISCUITS",4920,4920,7659,1,251,4669,20,20,171,"2024-10-25 13:05:46.518196+00","2024-10-25 13:05:46.518196+00"
10196,60,"Gurugram","SKU1000146","BREAD, BISCUITS",18132,18132,23399,1,767,17365,24,24,171,"2024-10-25 13:05:46.52765+00","2024-10-25 13:05:46.52765+00"
10197,60,"Gurugram","SKU1000147","CAKES, PASTRIES",12324,10503,11226,15,5521,4982,33,29,171,"2024-10-25 13:05:46.537709+00","2024-10-25 13:05:46.537709+00"
10198,60,"Gurugram","SKU1000148","CAKES, PASTRIES",40875,25544,51939,15,25544,0,24,15,171,"2024-10-25 13:05:46.546416+00","2024-10-25 13:05:46.546416+00"
10199,60,"Gurugram","SKU1000149","CAKES, PASTRIES",3359,3359,41266,15,20295,-16936,2,2,171,"2024-10-25 13:05:46.554935+00","2024-10-25 13:05:46.554935+00"
10200,60,"Gurugram","SKU1000150","CAKES, PASTRIES",6414,3969,8071,15,3969,0,24,15,171,"2024-10-25 13:05:46.563932+00","2024-10-25 13:05:46.563932+00"
10201,60,"Guwahati","SKU1000101","PACKAGED SNACKS",24062,13378,27202,15,13378,0,27,15,171,"2024-10-25 13:05:46.572883+00","2024-10-25 13:05:46.572883+00"
10202,60,"Guwahati","SKU1000102","PACKAGED SNACKS",13534,13534,34552,15,16993,-3459,12,12,171,"2024-10-25 13:05:46.581916+00","2024-10-25 13:05:46.581916+00"
10203,60,"Guwahati","SKU1000103","PACKAGED SNACKS",898,898,13128,15,6456,-5558,2,2,171,"2024-10-25 13:05:46.591242+00","2024-10-25 13:05:46.591242+00"
10204,60,"Guwahati","SKU1000104","PACKAGED SNACKS",1872,922,1874,15,922,0,30,15,171,"2024-10-25 13:05:46.599867+00","2024-10-25 13:05:46.599867+00"
10205,60,"Guwahati","SKU1000105","PACKAGED SNACKS",9086,16024,32582,15,16024,0,9,15,171,"2024-10-25 13:05:46.610845+00","2024-10-25 13:05:46.610845+00"
10206,60,"Guwahati","SKU1000106","PACKAGED SNACKS",5179,8602,20036,15,9854,-1252,8,13,171,"2024-10-25 13:05:46.619485+00","2024-10-25 13:05:46.619485+00"
10207,60,"Guwahati","SKU1000107","PACKAGED SNACKS",6886,8340,16959,15,8340,0,12,15,171,"2024-10-25 13:05:46.629074+00","2024-10-25 13:05:46.629074+00"
10208,60,"Guwahati","SKU1000108","PACKAGED SNACKS",6112,13594,33670,15,16559,-2965,6,12,171,"2024-10-25 13:05:46.641185+00","2024-10-25 13:05:46.641185+00"
10209,60,"Guwahati","SKU1000109","BREAKFAST CEREALS",19426,19426,33166,15,16311,3115,18,18,171,"2024-10-25 13:05:46.650162+00","2024-10-25 13:05:46.650162+00"
10210,60,"Guwahati","SKU1000110","BREAKFAST CEREALS",14379,14379,33400,15,16426,-2047,13,13,171,"2024-10-25 13:05:46.659266+00","2024-10-25 13:05:46.659266+00"
10211,60,"Guwahati","SKU1000111","BREAKFAST CEREALS",18968,13484,27418,15,13484,0,21,15,171,"2024-10-25 13:05:46.668724+00","2024-10-25 13:05:46.668724+00"
10212,60,"Guwahati","SKU1000112","BREAKFAST CEREALS",8665,3238,6584,15,3238,0,40,15,171,"2024-10-25 13:05:46.677672+00","2024-10-25 13:05:46.677672+00"
10213,60,"Guwahati","SKU1000113","BREAKFAST CEREALS",1957,8082,16433,15,8082,0,4,15,171,"2024-10-25 13:05:46.687244+00","2024-10-25 13:05:46.687244+00"
10214,60,"Guwahati","SKU1000114","READY-TO-EAT MEALS",8574,8574,25275,2,1657,6917,10,10,171,"2024-10-25 13:05:46.696349+00","2024-10-25 13:05:46.696349+00"
10215,60,"Guwahati","SKU1000115","READY-TO-EAT MEALS",17922,17922,26007,2,1705,16217,21,21,171,"2024-10-25 13:05:46.705906+00","2024-10-25 13:05:46.705906+00"
10216,60,"Guwahati","SKU1000116","READY-TO-EAT MEALS",3239,3239,20719,2,1359,1880,5,5,171,"2024-10-25 13:05:46.714552+00","2024-10-25 13:05:46.714552+00"
10217,60,"Guwahati","SKU1000117","CANNED GOODS",12021,12021,37771,15,18576,-6555,10,10,171,"2024-10-25 13:05:46.723574+00","2024-10-25 13:05:46.723574+00"
10218,60,"Guwahati","SKU1000118","CANNED GOODS",10493,10493,25230,15,12408,-1915,13,13,171,"2024-10-25 13:05:46.732543+00","2024-10-25 13:05:46.732543+00"
10219,60,"Guwahati","SKU1000119","CARBONATED DRINKS",9500,4845,9852,15,4845,0,29,15,171,"2024-10-25 13:05:46.742001+00","2024-10-25 13:05:46.742001+00"
10220,60,"Guwahati","SKU1000120","CARBONATED DRINKS",11429,11429,34284,15,16861,-5432,10,10,171,"2024-10-25 13:05:46.750521+00","2024-10-25 13:05:46.750521+00"
10221,60,"Guwahati","SKU1000121","CARBONATED DRINKS",4109,7321,14887,15,7321,0,8,15,171,"2024-10-25 13:05:46.759937+00","2024-10-25 13:05:46.759937+00"
10222,60,"Guwahati","SKU1000122","CARBONATED DRINKS",6613,503,1022,15,503,0,197,15,171,"2024-10-25 13:05:46.768327+00","2024-10-25 13:05:46.768327+00"
10223,60,"Guwahati","SKU1000123","CARBONATED DRINKS",5842,5842,38959,15,19160,-13318,5,5,171,"2024-10-25 13:05:46.777437+00","2024-10-25 13:05:46.777437+00"
10224,60,"Guwahati","SKU1000124","JUICES",6557,6557,11813,1,387,6170,17,17,171,"2024-10-25 13:05:46.786439+00","2024-10-25 13:05:46.786439+00"
10225,60,"Guwahati","SKU1000125","JUICES",4826,4826,30240,1,991,3835,5,5,171,"2024-10-25 13:05:46.79565+00","2024-10-25 13:05:46.79565+00"
10226,60,"Guwahati","SKU1000126","JUICES",6669,6669,17602,1,577,6092,12,12,171,"2024-10-25 13:05:46.820913+00","2024-10-25 13:05:46.820913+00"
10227,60,"Guwahati","SKU1000127","JUICES",9529,9529,3347,1,110,9419,87,87,171,"2024-10-25 13:05:46.838442+00","2024-10-25 13:05:46.838442+00"
10228,60,"Guwahati","SKU1000128","TEA & COFFEE",6650,9501,19318,15,9501,0,10,15,171,"2024-10-25 13:05:46.851443+00","2024-10-25 13:05:46.851443+00"
10229,60,"Guwahati","SKU1000129","TEA & COFFEE",8645,8645,38165,15,18770,-10125,7,7,171,"2024-10-25 13:05:46.86965+00","2024-10-25 13:05:46.86965+00"
10230,60,"Guwahati","SKU1000130","TEA & COFFEE",4012,4012,10328,15,5079,-1067,12,12,171,"2024-10-25 13:05:46.88346+00","2024-10-25 13:05:46.88346+00"
10231,60,"Guwahati","SKU1000131","TEA & COFFEE",17870,6086,12375,15,6086,0,44,15,171,"2024-10-25 13:05:46.897897+00","2024-10-25 13:05:46.897897+00"
10232,60,"Guwahati","SKU1000132","TEA & COFFEE",1401,761,1547,15,761,0,28,15,171,"2024-10-25 13:05:46.906721+00","2024-10-25 13:05:46.906721+00"
10233,60,"Guwahati","SKU1000133","TEA & COFFEE",6966,5422,11025,15,5422,0,19,15,171,"2024-10-25 13:05:46.917761+00","2024-10-25 13:05:46.917761+00"
10234,60,"Guwahati","SKU1000134","TEA & COFFEE",7096,7686,15628,15,7686,0,14,15,171,"2024-10-25 13:05:46.927375+00","2024-10-25 13:05:46.927375+00"
10235,60,"Guwahati","SKU1000135","TEA & COFFEE",11312,11312,35617,15,17517,-6205,10,10,171,"2024-10-25 13:05:46.935777+00","2024-10-25 13:05:46.935777+00"
10236,60,"Guwahati","SKU1000136","ENERGY DRINKS",9557,3445,7004,15,3445,0,42,15,171,"2024-10-25 13:05:46.946251+00","2024-10-25 13:05:46.946251+00"
10237,60,"Guwahati","SKU1000137","ENERGY DRINKS",5393,3081,6006,15,2954,127,27,16,171,"2024-10-25 13:05:46.954704+00","2024-10-25 13:05:46.954704+00"
10238,60,"Guwahati","SKU1000138","ENERGY DRINKS",8193,4514,9179,15,4514,0,27,15,171,"2024-10-25 13:05:46.96373+00","2024-10-25 13:05:46.96373+00"
10239,60,"Guwahati","SKU1000139","ENERGY DRINKS",8086,5008,10183,15,5008,0,24,15,171,"2024-10-25 13:05:46.97217+00","2024-10-25 13:05:46.97217+00"
10240,60,"Guwahati","SKU1000140","ENERGY DRINKS",1010,1010,8972,15,4412,-3402,3,3,171,"2024-10-25 13:05:46.983554+00","2024-10-25 13:05:46.983554+00"
10241,60,"Guwahati","SKU1000141","ENERGY DRINKS",2995,6226,12660,15,6226,0,7,15,171,"2024-10-25 13:05:46.991738+00","2024-10-25 13:05:46.991738+00"
10242,60,"Guwahati","SKU1000142","BREAD, BISCUITS",3980,3980,1653,1,54,3926,73,73,171,"2024-10-25 13:05:47.001962+00","2024-10-25 13:05:47.001962+00"
10243,60,"Guwahati","SKU1000143","BREAD, BISCUITS",4708,4708,14171,1,465,4243,10,10,171,"2024-10-25 13:05:47.013722+00","2024-10-25 13:05:47.013722+00"
10244,60,"Guwahati","SKU1000144","BREAD, BISCUITS",5872,5872,20751,1,680,5192,9,9,171,"2024-10-25 13:05:47.022258+00","2024-10-25 13:05:47.022258+00"
10245,60,"Guwahati","SKU1000145","BREAD, BISCUITS",3991,3991,24576,1,806,3185,5,5,171,"2024-10-25 13:05:47.031338+00","2024-10-25 13:05:47.031338+00"
10246,60,"Guwahati","SKU1000146","BREAD, BISCUITS",7222,7222,1852,1,61,7161,119,119,171,"2024-10-25 13:05:47.042006+00","2024-10-25 13:05:47.042006+00"
10247,60,"Guwahati","SKU1000147","CAKES, PASTRIES",8481,8580,17447,15,8580,0,15,15,171,"2024-10-25 13:05:47.052793+00","2024-10-25 13:05:47.052793+00"
10248,60,"Guwahati","SKU1000148","CAKES, PASTRIES",7693,3855,7838,15,3855,0,30,15,171,"2024-10-25 13:05:47.061293+00","2024-10-25 13:05:47.061293+00"
10249,60,"Guwahati","SKU1000149","CAKES, PASTRIES",1521,1521,12342,15,6070,-4549,4,4,171,"2024-10-25 13:05:47.06939+00","2024-10-25 13:05:47.06939+00"
10250,60,"Guwahati","SKU1000150","CAKES, PASTRIES",1726,1726,7375,15,3627,-1901,7,7,171,"2024-10-25 13:05:47.078061+00","2024-10-25 13:05:47.078061+00"
10251,60,"Kochi","SKU1000101","PACKAGED SNACKS",12003,15705,31934,15,15705,0,11,15,171,"2024-10-25 13:05:47.087988+00","2024-10-25 13:05:47.087988+00"
10252,60,"Kochi","SKU1000102","PACKAGED SNACKS",8203,11522,23429,15,11522,0,11,15,171,"2024-10-25 13:05:47.096779+00","2024-10-25 13:05:47.096779+00"
10253,60,"Kochi","SKU1000103","PACKAGED SNACKS",27998,14585,29656,15,14585,0,29,15,171,"2024-10-25 13:05:47.105715+00","2024-10-25 13:05:47.105715+00"
10254,60,"Kochi","SKU1000104","PACKAGED SNACKS",20517,27523,55964,15,27523,0,11,15,171,"2024-10-25 13:05:47.114796+00","2024-10-25 13:05:47.114796+00"
10255,60,"Kochi","SKU1000105","PACKAGED SNACKS",1002,1510,17153,15,8436,-6926,2,3,171,"2024-10-25 13:05:47.12454+00","2024-10-25 13:05:47.12454+00"
10256,60,"Kochi","SKU1000106","PACKAGED SNACKS",10397,14469,53808,15,26463,-11994,6,8,171,"2024-10-25 13:05:47.134206+00","2024-10-25 13:05:47.134206+00"
10257,60,"Kochi","SKU1000107","PACKAGED SNACKS",14327,14327,50562,15,24867,-10540,9,9,171,"2024-10-25 13:05:47.145177+00","2024-10-25 13:05:47.145177+00"
10258,60,"Kochi","SKU1000108","PACKAGED SNACKS",6818,3687,7497,15,3687,0,28,15,171,"2024-10-25 13:05:47.15475+00","2024-10-25 13:05:47.15475+00"
10259,60,"Kochi","SKU1000109","BREAKFAST CEREALS",25297,25297,27002,15,13280,12017,29,29,171,"2024-10-25 13:05:47.163077+00","2024-10-25 13:05:47.163077+00"
10260,60,"Kochi","SKU1000110","BREAKFAST CEREALS",4596,4596,49452,15,24321,-19725,3,3,171,"2024-10-25 13:05:47.171359+00","2024-10-25 13:05:47.171359+00"
10261,60,"Kochi","SKU1000111","BREAKFAST CEREALS",16411,15187,30880,15,15187,0,16,15,171,"2024-10-25 13:05:47.180442+00","2024-10-25 13:05:47.180442+00"
10262,60,"Kochi","SKU1000112","BREAKFAST CEREALS",140,140,24423,15,12011,-11871,0,0,171,"2024-10-25 13:05:47.190065+00","2024-10-25 13:05:47.190065+00"
10263,60,"Kochi","SKU1000113","BREAKFAST CEREALS",13599,21514,43745,15,21514,0,9,15,171,"2024-10-25 13:05:47.199024+00","2024-10-25 13:05:47.199024+00"
10264,60,"Kochi","SKU1000114","READY-TO-EAT MEALS",12037,12037,40130,2,2631,9406,9,9,171,"2024-10-25 13:05:47.207636+00","2024-10-25 13:05:47.207636+00"
10265,60,"Kochi","SKU1000115","READY-TO-EAT MEALS",15975,15975,39969,2,2621,13354,12,12,171,"2024-10-25 13:05:47.217469+00","2024-10-25 13:05:47.217469+00"
10266,60,"Kochi","SKU1000116","READY-TO-EAT MEALS",33138,33138,27903,2,1830,31308,36,36,171,"2024-10-25 13:05:47.225488+00","2024-10-25 13:05:47.225488+00"
10267,60,"Kochi","SKU1000117","CANNED GOODS",25163,24723,50271,15,24723,0,15,15,171,"2024-10-25 13:05:47.234343+00","2024-10-25 13:05:47.234343+00"
10268,60,"Kochi","SKU1000118","CANNED GOODS",3268,15835,44230,15,21752,-5917,2,11,171,"2024-10-25 13:05:47.243519+00","2024-10-25 13:05:47.243519+00"
10269,60,"Kochi","SKU1000119","CARBONATED DRINKS",5321,12180,26215,15,12893,-713,6,14,171,"2024-10-25 13:05:47.252553+00","2024-10-25 13:05:47.252553+00"
10270,60,"Kochi","SKU1000120","CARBONATED DRINKS",106,15149,39732,15,19540,-4391,0,12,171,"2024-10-25 13:05:47.260891+00","2024-10-25 13:05:47.260891+00"
10271,60,"Kochi","SKU1000121","CARBONATED DRINKS",26542,13989,14514,15,7138,6851,56,29,171,"2024-10-25 13:05:47.269754+00","2024-10-25 13:05:47.269754+00"
10272,60,"Kochi","SKU1000122","CARBONATED DRINKS",26584,8353,16985,15,8353,0,48,15,171,"2024-10-25 13:05:47.278342+00","2024-10-25 13:05:47.278342+00"
10273,60,"Kochi","SKU1000123","CARBONATED DRINKS",10673,15176,51057,15,25110,-9934,6,9,171,"2024-10-25 13:05:47.287756+00","2024-10-25 13:05:47.287756+00"
10274,60,"Kochi","SKU1000124","JUICES",8771,8771,10659,1,349,8422,25,25,171,"2024-10-25 13:05:47.296209+00","2024-10-25 13:05:47.296209+00"
10275,60,"Kochi","SKU1000125","JUICES",6225,6225,41724,1,1368,4857,5,5,171,"2024-10-25 13:05:47.305745+00","2024-10-25 13:05:47.305745+00"
10276,60,"Kochi","SKU1000126","JUICES",8288,8288,28098,1,921,7367,9,9,171,"2024-10-25 13:05:47.314111+00","2024-10-25 13:05:47.314111+00"
10277,60,"Kochi","SKU1000127","JUICES",10426,10426,14021,1,460,9966,23,23,171,"2024-10-25 13:05:47.322419+00","2024-10-25 13:05:47.322419+00"
10278,60,"Kochi","SKU1000128","TEA & COFFEE",19466,18625,37871,15,18625,0,16,15,171,"2024-10-25 13:05:47.330451+00","2024-10-25 13:05:47.330451+00"
10279,60,"Kochi","SKU1000129","TEA & COFFEE",2538,1901,3865,15,1901,0,20,15,171,"2024-10-25 13:05:47.340061+00","2024-10-25 13:05:47.340061+00"
10280,60,"Kochi","SKU1000130","TEA & COFFEE",13046,7623,15501,15,7623,0,26,15,171,"2024-10-25 13:05:47.348081+00","2024-10-25 13:05:47.348081+00"
10281,60,"Kochi","SKU1000131","TEA & COFFEE",12086,8549,17383,15,8549,0,21,15,171,"2024-10-25 13:05:47.356843+00","2024-10-25 13:05:47.356843+00"
10282,60,"Kochi","SKU1000132","TEA & COFFEE",5545,9472,45342,15,22299,-12827,4,6,171,"2024-10-25 13:05:47.365371+00","2024-10-25 13:05:47.365371+00"
10283,60,"Kochi","SKU1000133","TEA & COFFEE",8666,16881,37365,15,18376,-1495,7,14,171,"2024-10-25 13:05:47.37395+00","2024-10-25 13:05:47.37395+00"
10284,60,"Kochi","SKU1000134","TEA & COFFEE",15822,15822,13466,15,6623,9199,36,36,171,"2024-10-25 13:05:47.383369+00","2024-10-25 13:05:47.383369+00"
10285,60,"Kochi","SKU1000135","TEA & COFFEE",6400,6400,45211,15,22235,-15835,4,4,171,"2024-10-25 13:05:47.392705+00","2024-10-25 13:05:47.392705+00"
10286,60,"Kochi","SKU1000136","ENERGY DRINKS",8146,11557,23499,15,11557,0,11,15,171,"2024-10-25 13:05:47.403672+00","2024-10-25 13:05:47.403672+00"
10287,60,"Kochi","SKU1000137","ENERGY DRINKS",5596,819,1665,15,819,0,103,15,171,"2024-10-25 13:05:47.413176+00","2024-10-25 13:05:47.413176+00"
10288,60,"Kochi","SKU1000138","ENERGY DRINKS",2557,5551,11288,15,5551,0,7,15,171,"2024-10-25 13:05:47.422209+00","2024-10-25 13:05:47.422209+00"
10289,60,"Kochi","SKU1000139","ENERGY DRINKS",5539,5539,28927,15,14226,-8687,6,6,171,"2024-10-25 13:05:47.431271+00","2024-10-25 13:05:47.431271+00"
10290,60,"Kochi","SKU1000140","ENERGY DRINKS",5867,5405,10991,15,5405,0,16,15,171,"2024-10-25 13:05:47.440821+00","2024-10-25 13:05:47.440821+00"
10291,60,"Kochi","SKU1000141","ENERGY DRINKS",3650,2279,4633,15,2279,0,24,15,171,"2024-10-25 13:05:47.44996+00","2024-10-25 13:05:47.44996+00"
10292,60,"Kochi","SKU1000142","BREAD, BISCUITS",10972,10972,27129,1,889,10083,12,12,171,"2024-10-25 13:05:47.459131+00","2024-10-25 13:05:47.459131+00"
10293,60,"Kochi","SKU1000143","BREAD, BISCUITS",11550,11550,18830,1,617,10933,19,19,171,"2024-10-25 13:05:47.46826+00","2024-10-25 13:05:47.46826+00"
10294,60,"Kochi","SKU1000144","BREAD, BISCUITS",7617,7617,2982,1,98,7519,78,78,171,"2024-10-25 13:05:47.477455+00","2024-10-25 13:05:47.477455+00"
10295,60,"Kochi","SKU1000145","BREAD, BISCUITS",9287,9287,30326,1,994,8293,9,9,171,"2024-10-25 13:05:47.487727+00","2024-10-25 13:05:47.487727+00"
10296,60,"Kochi","SKU1000146","BREAD, BISCUITS",2835,2835,15236,1,500,2335,6,6,171,"2024-10-25 13:05:47.497579+00","2024-10-25 13:05:47.497579+00"
10297,60,"Kochi","SKU1000147","CAKES, PASTRIES",7602,10528,21407,15,10528,0,11,15,171,"2024-10-25 13:05:47.506981+00","2024-10-25 13:05:47.506981+00"
10298,60,"Kochi","SKU1000148","CAKES, PASTRIES",14,10686,21728,15,10686,0,0,15,171,"2024-10-25 13:05:47.517013+00","2024-10-25 13:05:47.517013+00"
10299,60,"Kochi","SKU1000149","CAKES, PASTRIES",19335,464,943,15,464,0,625,15,171,"2024-10-25 13:05:47.526445+00","2024-10-25 13:05:47.526445+00"
10300,60,"Kochi","SKU1000150","CAKES, PASTRIES",288,11373,23424,15,11520,-147,0,15,171,"2024-10-25 13:05:47.535755+00","2024-10-25 13:05:47.535755+00"
10301,60,"Kolkatta","SKU1000101","PACKAGED SNACKS",11516,7870,16002,15,7870,0,22,15,171,"2024-10-25 13:05:47.545707+00","2024-10-25 13:05:47.545707+00"
10302,60,"Kolkatta","SKU1000102","PACKAGED SNACKS",2751,2751,52328,15,25735,-22984,2,2,171,"2024-10-25 13:05:47.555096+00","2024-10-25 13:05:47.555096+00"
10303,60,"Kolkatta","SKU1000103","PACKAGED SNACKS",5842,16864,57065,15,28065,-11201,3,9,171,"2024-10-25 13:05:47.56566+00","2024-10-25 13:05:47.56566+00"
10304,60,"Kolkatta","SKU1000104","PACKAGED SNACKS",16643,11440,23262,15,11440,0,22,15,171,"2024-10-25 13:05:47.575296+00","2024-10-25 13:05:47.575296+00"
10305,60,"Kolkatta","SKU1000105","PACKAGED SNACKS",3277,2397,4873,15,2397,0,21,15,171,"2024-10-25 13:05:47.585355+00","2024-10-25 13:05:47.585355+00"
10306,60,"Kolkatta","SKU1000106","PACKAGED SNACKS",20746,17323,35223,15,17323,0,18,15,171,"2024-10-25 13:05:47.594278+00","2024-10-25 13:05:47.594278+00"
10307,60,"Kolkatta","SKU1000107","PACKAGED SNACKS",6977,2088,4245,15,2088,0,50,15,171,"2024-10-25 13:05:47.604445+00","2024-10-25 13:05:47.604445+00"
10308,60,"Kolkatta","SKU1000108","PACKAGED SNACKS",6193,8364,17007,15,8364,0,11,15,171,"2024-10-25 13:05:47.614601+00","2024-10-25 13:05:47.614601+00"
10309,60,"Kolkatta","SKU1000109","BREAKFAST CEREALS",10986,22074,44884,15,22074,0,7,15,171,"2024-10-25 13:05:47.62447+00","2024-10-25 13:05:47.62447+00"
10310,60,"Kolkatta","SKU1000110","BREAKFAST CEREALS",1518,1891,10812,15,5317,-3426,4,5,171,"2024-10-25 13:05:47.634761+00","2024-10-25 13:05:47.634761+00"
10311,60,"Kolkatta","SKU1000111","BREAKFAST CEREALS",25856,24909,50648,15,24909,0,16,15,171,"2024-10-25 13:05:47.644367+00","2024-10-25 13:05:47.644367+00"
10312,60,"Kolkatta","SKU1000112","BREAKFAST CEREALS",11891,13761,27980,15,13761,0,13,15,171,"2024-10-25 13:05:47.654352+00","2024-10-25 13:05:47.654352+00"
10313,60,"Kolkatta","SKU1000113","BREAKFAST CEREALS",19083,1071,2178,15,1071,0,267,15,171,"2024-10-25 13:05:47.663493+00","2024-10-25 13:05:47.663493+00"
10314,60,"Kolkatta","SKU1000114","READY-TO-EAT MEALS",10092,10092,29182,2,1914,8178,11,11,171,"2024-10-25 13:05:47.672508+00","2024-10-25 13:05:47.672508+00"
10315,60,"Kolkatta","SKU1000115","READY-TO-EAT MEALS",5150,5150,47191,2,3094,2056,3,3,171,"2024-10-25 13:05:47.682546+00","2024-10-25 13:05:47.682546+00"
10316,60,"Kolkatta","SKU1000116","READY-TO-EAT MEALS",9371,9371,7628,2,500,8871,37,37,171,"2024-10-25 13:05:47.691734+00","2024-10-25 13:05:47.691734+00"
10317,60,"Kolkatta","SKU1000117","CANNED GOODS",11204,11204,27516,15,13532,-2328,12,12,171,"2024-10-25 13:05:47.701751+00","2024-10-25 13:05:47.701751+00"
10318,60,"Kolkatta","SKU1000118","CANNED GOODS",14251,14251,45985,15,22616,-8365,9,9,171,"2024-10-25 13:05:47.712235+00","2024-10-25 13:05:47.712235+00"
10319,60,"Kolkatta","SKU1000119","CARBONATED DRINKS",4559,1005,2044,15,1005,0,68,15,171,"2024-10-25 13:05:47.7219+00","2024-10-25 13:05:47.7219+00"
10320,60,"Kolkatta","SKU1000120","CARBONATED DRINKS",11749,11749,37796,15,18588,-6839,9,9,171,"2024-10-25 13:05:47.730897+00","2024-10-25 13:05:47.730897+00"
10321,60,"Kolkatta","SKU1000121","CARBONATED DRINKS",14521,11309,17412,15,8563,2746,25,20,171,"2024-10-25 13:05:47.73974+00","2024-10-25 13:05:47.73974+00"
10322,60,"Kolkatta","SKU1000122","CARBONATED DRINKS",9144,17972,36543,15,17972,0,8,15,171,"2024-10-25 13:05:47.74882+00","2024-10-25 13:05:47.74882+00"
10323,60,"Kolkatta","SKU1000123","CARBONATED DRINKS",7005,7005,21707,15,10676,-3671,10,10,171,"2024-10-25 13:05:47.759352+00","2024-10-25 13:05:47.759352+00"
10324,60,"Kolkatta","SKU1000124","JUICES",2004,2004,20730,1,680,1324,3,3,171,"2024-10-25 13:05:47.771814+00","2024-10-25 13:05:47.771814+00"
10325,60,"Kolkatta","SKU1000125","JUICES",16427,16427,14359,1,471,15956,35,35,171,"2024-10-25 13:05:47.780863+00","2024-10-25 13:05:47.780863+00"
10326,60,"Kolkatta","SKU1000126","JUICES",7975,7975,25791,1,846,7129,9,9,171,"2024-10-25 13:05:47.790442+00","2024-10-25 13:05:47.790442+00"
10327,60,"Kolkatta","SKU1000127","JUICES",4442,4442,12621,1,414,4028,11,11,171,"2024-10-25 13:05:47.800481+00","2024-10-25 13:05:47.800481+00"
10328,60,"Kolkatta","SKU1000128","TEA & COFFEE",19639,8824,17942,15,8824,0,33,15,171,"2024-10-25 13:05:47.810075+00","2024-10-25 13:05:47.810075+00"
10329,60,"Kolkatta","SKU1000129","TEA & COFFEE",1505,9919,25024,15,12307,-2388,2,12,171,"2024-10-25 13:05:47.818772+00","2024-10-25 13:05:47.818772+00"
10330,60,"Kolkatta","SKU1000130","TEA & COFFEE",5834,5834,36410,15,17907,-12073,5,5,171,"2024-10-25 13:05:47.82851+00","2024-10-25 13:05:47.82851+00"
10331,60,"Kolkatta","SKU1000131","TEA & COFFEE",3272,6562,13343,15,6562,0,7,15,171,"2024-10-25 13:05:47.838869+00","2024-10-25 13:05:47.838869+00"
10332,60,"Kolkatta","SKU1000132","TEA & COFFEE",517,1157,24869,15,12231,-11074,1,1,171,"2024-10-25 13:05:47.848901+00","2024-10-25 13:05:47.848901+00"
10333,60,"Kolkatta","SKU1000133","TEA & COFFEE",13058,157,319,15,157,0,1248,15,171,"2024-10-25 13:05:47.858312+00","2024-10-25 13:05:47.858312+00"
10334,60,"Kolkatta","SKU1000134","TEA & COFFEE",7504,13627,27709,15,13627,0,8,15,171,"2024-10-25 13:05:47.867345+00","2024-10-25 13:05:47.867345+00"
10335,60,"Kolkatta","SKU1000135","TEA & COFFEE",4010,4010,22388,15,11010,-7000,5,5,171,"2024-10-25 13:05:47.876769+00","2024-10-25 13:05:47.876769+00"
10336,60,"Kolkatta","SKU1000136","ENERGY DRINKS",7357,10286,20914,15,10286,0,11,15,171,"2024-10-25 13:05:47.886815+00","2024-10-25 13:05:47.886815+00"
10337,60,"Kolkatta","SKU1000137","ENERGY DRINKS",3303,5615,11417,15,5615,0,9,15,171,"2024-10-25 13:05:47.897455+00","2024-10-25 13:05:47.897455+00"
10338,60,"Kolkatta","SKU1000138","ENERGY DRINKS",3800,3493,7103,15,3493,0,16,15,171,"2024-10-25 13:05:47.907011+00","2024-10-25 13:05:47.907011+00"
10339,60,"Kolkatta","SKU1000139","ENERGY DRINKS",480,2587,5260,15,2587,0,3,15,171,"2024-10-25 13:05:47.915483+00","2024-10-25 13:05:47.915483+00"
10340,60,"Kolkatta","SKU1000140","ENERGY DRINKS",5530,5530,11830,15,5818,-288,14,14,171,"2024-10-25 13:05:47.924676+00","2024-10-25 13:05:47.924676+00"
10341,60,"Kolkatta","SKU1000141","ENERGY DRINKS",10645,3186,6479,15,3186,0,50,15,171,"2024-10-25 13:05:47.934327+00","2024-10-25 13:05:47.934327+00"
10342,60,"Kolkatta","SKU1000142","BREAD, BISCUITS",812,812,11950,1,392,420,2,2,171,"2024-10-25 13:05:47.943139+00","2024-10-25 13:05:47.943139+00"
10343,60,"Kolkatta","SKU1000143","BREAD, BISCUITS",3904,3904,18072,1,593,3311,7,7,171,"2024-10-25 13:05:47.95218+00","2024-10-25 13:05:47.95218+00"
10344,60,"Kolkatta","SKU1000144","BREAD, BISCUITS",6873,6873,18340,1,601,6272,11,11,171,"2024-10-25 13:05:47.961092+00","2024-10-25 13:05:47.961092+00"
10345,60,"Kolkatta","SKU1000145","BREAD, BISCUITS",5773,5773,19230,1,630,5143,9,9,171,"2024-10-25 13:05:47.969656+00","2024-10-25 13:05:47.969656+00"
10346,60,"Kolkatta","SKU1000146","BREAD, BISCUITS",7581,7581,5910,1,194,7387,39,39,171,"2024-10-25 13:05:47.978433+00","2024-10-25 13:05:47.978433+00"
10347,60,"Kolkatta","SKU1000147","CAKES, PASTRIES",10788,2042,4152,15,2042,0,79,15,171,"2024-10-25 13:05:47.987898+00","2024-10-25 13:05:47.987898+00"
10348,60,"Kolkatta","SKU1000148","CAKES, PASTRIES",6696,9252,18813,15,9252,0,11,15,171,"2024-10-25 13:05:47.996044+00","2024-10-25 13:05:47.996044+00"
10349,60,"Kolkatta","SKU1000149","CAKES, PASTRIES",1280,1280,18603,15,9149,-7869,2,2,171,"2024-10-25 13:05:48.004678+00","2024-10-25 13:05:48.004678+00"
10350,60,"Kolkatta","SKU1000150","CAKES, PASTRIES",4266,5377,10934,15,5377,0,12,15,171,"2024-10-25 13:05:48.013298+00","2024-10-25 13:05:48.013298+00"
10351,60,"chandigarh","SKU1000101","PACKAGED SNACKS",12360,18353,63415,15,31188,-12835,6,9,171,"2024-10-25 13:05:48.022492+00","2024-10-25 13:05:48.022492+00"
10352,60,"chandigarh","SKU1000102","PACKAGED SNACKS",16685,6792,13811,15,6792,0,37,15,171,"2024-10-25 13:05:48.031345+00","2024-10-25 13:05:48.031345+00"
10353,60,"chandigarh","SKU1000103","PACKAGED SNACKS",4708,4708,55835,15,27460,-22752,3,3,171,"2024-10-25 13:05:48.04001+00","2024-10-25 13:05:48.04001+00"
10354,60,"chandigarh","SKU1000104","PACKAGED SNACKS",14509,14509,38620,15,18993,-4484,11,11,171,"2024-10-25 13:05:48.04883+00","2024-10-25 13:05:48.04883+00"
10355,60,"chandigarh","SKU1000105","PACKAGED SNACKS",251,5770,11733,15,5770,0,1,15,171,"2024-10-25 13:05:48.05768+00","2024-10-25 13:05:48.05768+00"
10356,60,"chandigarh","SKU1000106","PACKAGED SNACKS",20951,3811,7749,15,3811,0,82,15,171,"2024-10-25 13:05:48.067721+00","2024-10-25 13:05:48.067721+00"
10357,60,"chandigarh","SKU1000107","PACKAGED SNACKS",18324,13821,28102,15,13821,0,20,15,171,"2024-10-25 13:05:48.076007+00","2024-10-25 13:05:48.076007+00"
10358,60,"chandigarh","SKU1000108","PACKAGED SNACKS",3040,3040,20739,15,10200,-7160,4,4,171,"2024-10-25 13:05:48.085144+00","2024-10-25 13:05:48.085144+00"
10359,60,"chandigarh","SKU1000109","BREAKFAST CEREALS",7141,25937,52738,15,25937,0,4,15,171,"2024-10-25 13:05:48.094449+00","2024-10-25 13:05:48.094449+00"
10360,60,"chandigarh","SKU1000110","BREAKFAST CEREALS",10783,13819,33675,15,16561,-2742,10,13,171,"2024-10-25 13:05:48.103984+00","2024-10-25 13:05:48.103984+00"
10361,60,"chandigarh","SKU1000111","BREAKFAST CEREALS",21189,14297,29071,15,14297,0,22,15,171,"2024-10-25 13:05:48.113584+00","2024-10-25 13:05:48.113584+00"
10362,60,"chandigarh","SKU1000112","BREAKFAST CEREALS",14811,10887,22137,15,10887,0,20,15,171,"2024-10-25 13:05:48.122517+00","2024-10-25 13:05:48.122517+00"
10363,60,"chandigarh","SKU1000113","BREAKFAST CEREALS",9433,9433,18381,15,9040,393,16,16,171,"2024-10-25 13:05:48.132434+00","2024-10-25 13:05:48.132434+00"
10364,60,"chandigarh","SKU1000114","READY-TO-EAT MEALS",21971,21971,48756,2,3197,18774,14,14,171,"2024-10-25 13:05:48.142986+00","2024-10-25 13:05:48.142986+00"
10365,60,"chandigarh","SKU1000115","READY-TO-EAT MEALS",1581,2984,45511,2,2984,0,1,2,171,"2024-10-25 13:05:48.151386+00","2024-10-25 13:05:48.151386+00"
10366,60,"chandigarh","SKU1000116","READY-TO-EAT MEALS",14921,14257,1734,2,114,14143,262,251,171,"2024-10-25 13:05:48.159703+00","2024-10-25 13:05:48.159703+00"
10367,60,"chandigarh","SKU1000117","CANNED GOODS",10414,10414,79914,15,39302,-28888,4,4,171,"2024-10-25 13:05:48.168541+00","2024-10-25 13:05:48.168541+00"
10368,60,"chandigarh","SKU1000118","CANNED GOODS",21082,2010,4087,15,2010,0,157,15,171,"2024-10-25 13:05:48.178632+00","2024-10-25 13:05:48.178632+00"
10369,60,"chandigarh","SKU1000119","CARBONATED DRINKS",65,65,42618,15,20960,-20895,0,0,171,"2024-10-25 13:05:48.187806+00","2024-10-25 13:05:48.187806+00"
10370,60,"chandigarh","SKU1000120","CARBONATED DRINKS",10407,10407,22724,15,11176,-769,14,14,171,"2024-10-25 13:05:48.196338+00","2024-10-25 13:05:48.196338+00"
10371,60,"chandigarh","SKU1000121","CARBONATED DRINKS",8890,8890,9373,15,4610,4280,29,29,171,"2024-10-25 13:05:48.206618+00","2024-10-25 13:05:48.206618+00"
10372,60,"chandigarh","SKU1000122","CARBONATED DRINKS",11138,11138,33316,15,16385,-5247,10,10,171,"2024-10-25 13:05:48.215244+00","2024-10-25 13:05:48.215244+00"
10373,60,"chandigarh","SKU1000123","CARBONATED DRINKS",21536,11790,23972,15,11790,0,27,15,171,"2024-10-25 13:05:48.224433+00","2024-10-25 13:05:48.224433+00"
10374,60,"chandigarh","SKU1000124","JUICES",8093,8093,9735,1,319,7774,25,25,171,"2024-10-25 13:05:48.234368+00","2024-10-25 13:05:48.234368+00"
10375,60,"chandigarh","SKU1000125","JUICES",8682,8682,32889,1,1078,7604,8,8,171,"2024-10-25 13:05:48.242621+00","2024-10-25 13:05:48.242621+00"
10376,60,"chandigarh","SKU1000126","JUICES",9858,9858,11390,1,373,9485,26,26,171,"2024-10-25 13:05:48.2513+00","2024-10-25 13:05:48.2513+00"
10377,60,"chandigarh","SKU1000127","JUICES",12041,12041,29988,1,983,11058,12,12,171,"2024-10-25 13:05:48.260698+00","2024-10-25 13:05:48.260698+00"
10378,60,"chandigarh","SKU1000128","TEA & COFFEE",11338,1632,3319,15,1632,0,104,15,171,"2024-10-25 13:05:48.26938+00","2024-10-25 13:05:48.26938+00"
10379,60,"chandigarh","SKU1000129","TEA & COFFEE",8772,8772,41404,15,20363,-11591,6,6,171,"2024-10-25 13:05:48.278201+00","2024-10-25 13:05:48.278201+00"
10380,60,"chandigarh","SKU1000130","TEA & COFFEE",11664,11664,37654,15,18518,-6854,9,9,171,"2024-10-25 13:05:48.287878+00","2024-10-25 13:05:48.287878+00"
10381,60,"chandigarh","SKU1000131","TEA & COFFEE",14647,15784,35868,15,17640,-1856,12,13,171,"2024-10-25 13:05:48.296214+00","2024-10-25 13:05:48.296214+00"
10382,60,"chandigarh","SKU1000132","TEA & COFFEE",19905,16876,34315,15,16876,0,18,15,171,"2024-10-25 13:05:48.305235+00","2024-10-25 13:05:48.305235+00"
10383,60,"chandigarh","SKU1000133","TEA & COFFEE",10361,8732,17756,15,8732,0,18,15,171,"2024-10-25 13:05:48.313864+00","2024-10-25 13:05:48.313864+00"
10384,60,"chandigarh","SKU1000134","TEA & COFFEE",8821,8821,3239,15,1593,7228,83,83,171,"2024-10-25 13:05:48.322907+00","2024-10-25 13:05:48.322907+00"
10385,60,"chandigarh","SKU1000135","TEA & COFFEE",4833,4833,18450,15,9074,-4241,8,8,171,"2024-10-25 13:05:48.331536+00","2024-10-25 13:05:48.331536+00"
10386,60,"chandigarh","SKU1000136","ENERGY DRINKS",5028,2693,5476,15,2693,0,28,15,171,"2024-10-25 13:05:48.348514+00","2024-10-25 13:05:48.348514+00"
10387,60,"chandigarh","SKU1000137","ENERGY DRINKS",9784,9784,9761,15,4800,4984,31,31,171,"2024-10-25 13:05:48.357118+00","2024-10-25 13:05:48.357118+00"
10388,60,"chandigarh","SKU1000138","ENERGY DRINKS",15782,11870,20452,15,10058,1812,24,18,171,"2024-10-25 13:05:48.366224+00","2024-10-25 13:05:48.366224+00"
10389,60,"chandigarh","SKU1000139","ENERGY DRINKS",15571,11812,24018,15,11812,0,20,15,171,"2024-10-25 13:05:48.374874+00","2024-10-25 13:05:48.374874+00"
10390,60,"chandigarh","SKU1000140","ENERGY DRINKS",714,714,6819,15,3354,-2640,3,3,171,"2024-10-25 13:05:48.383513+00","2024-10-25 13:05:48.383513+00"
10391,60,"chandigarh","SKU1000141","ENERGY DRINKS",3380,2694,5477,15,2694,0,19,15,171,"2024-10-25 13:05:48.39208+00","2024-10-25 13:05:48.39208+00"
10392,60,"chandigarh","SKU1000142","BREAD, BISCUITS",8858,8858,17049,1,559,8299,16,16,171,"2024-10-25 13:05:48.400955+00","2024-10-25 13:05:48.400955+00"
10393,60,"chandigarh","SKU1000143","BREAD, BISCUITS",10973,10973,14225,1,466,10507,24,24,171,"2024-10-25 13:05:48.409925+00","2024-10-25 13:05:48.409925+00"
10394,60,"chandigarh","SKU1000144","BREAD, BISCUITS",5543,5543,33350,1,1093,4450,5,5,171,"2024-10-25 13:05:48.41938+00","2024-10-25 13:05:48.41938+00"
10395,60,"chandigarh","SKU1000145","BREAD, BISCUITS",3532,3532,13845,1,454,3078,8,8,171,"2024-10-25 13:05:48.429963+00","2024-10-25 13:05:48.429963+00"
10396,60,"chandigarh","SKU1000146","BREAD, BISCUITS",10282,10282,5533,1,181,10101,57,57,171,"2024-10-25 13:05:48.438982+00","2024-10-25 13:05:48.438982+00"
10397,60,"chandigarh","SKU1000147","CAKES, PASTRIES",11334,11334,11393,15,5603,5731,30,30,171,"2024-10-25 13:05:48.447434+00","2024-10-25 13:05:48.447434+00"
10398,60,"chandigarh","SKU1000148","CAKES, PASTRIES",6418,6058,8054,15,3961,2097,24,23,171,"2024-10-25 13:05:48.455689+00","2024-10-25 13:05:48.455689+00"
10399,60,"chandigarh","SKU1000149","CAKES, PASTRIES",848,1393,26152,15,12862,-11469,1,2,171,"2024-10-25 13:05:48.464756+00","2024-10-25 13:05:48.464756+00"
10400,60,"chandigarh","SKU1000150","CAKES, PASTRIES",6951,6951,14403,15,7083,-132,15,15,171,"2024-10-25 13:05:48.473348+00","2024-10-25 13:05:48.473348+00"
10401,60,"hyderabad","SKU1000101","PACKAGED SNACKS",4013,11471,34710,15,17070,-5599,4,10,171,"2024-10-25 13:05:48.482674+00","2024-10-25 13:05:48.482674+00"
10402,60,"hyderabad","SKU1000102","PACKAGED SNACKS",11322,3071,6245,15,3071,0,55,15,171,"2024-10-25 13:05:48.491092+00","2024-10-25 13:05:48.491092+00"
10403,60,"hyderabad","SKU1000103","PACKAGED SNACKS",3,3,19222,15,9453,-9450,0,0,171,"2024-10-25 13:05:48.500036+00","2024-10-25 13:05:48.500036+00"
10404,60,"hyderabad","SKU1000104","PACKAGED SNACKS",10993,12552,36528,15,17965,-5413,9,10,171,"2024-10-25 13:05:48.510262+00","2024-10-25 13:05:48.510262+00"
10405,60,"hyderabad","SKU1000105","PACKAGED SNACKS",16216,10189,20718,15,10189,0,24,15,171,"2024-10-25 13:05:48.522395+00","2024-10-25 13:05:48.522395+00"
10406,60,"hyderabad","SKU1000106","PACKAGED SNACKS",9612,9612,31340,15,15413,-5801,9,9,171,"2024-10-25 13:05:48.53145+00","2024-10-25 13:05:48.53145+00"
10407,60,"hyderabad","SKU1000107","PACKAGED SNACKS",6779,6779,28627,15,14079,-7300,7,7,171,"2024-10-25 13:05:48.54098+00","2024-10-25 13:05:48.54098+00"
10408,60,"hyderabad","SKU1000108","PACKAGED SNACKS",11554,11554,32612,15,16039,-4485,11,11,171,"2024-10-25 13:05:48.549631+00","2024-10-25 13:05:48.549631+00"
10409,60,"hyderabad","SKU1000109","BREAKFAST CEREALS",9829,18934,38499,15,18934,0,8,15,171,"2024-10-25 13:05:48.558635+00","2024-10-25 13:05:48.558635+00"
10410,60,"hyderabad","SKU1000110","BREAKFAST CEREALS",12991,12618,25656,15,12618,0,15,15,171,"2024-10-25 13:05:48.567281+00","2024-10-25 13:05:48.567281+00"
10411,60,"hyderabad","SKU1000111","BREAKFAST CEREALS",14119,14119,40129,15,19736,-5617,11,11,171,"2024-10-25 13:05:48.576375+00","2024-10-25 13:05:48.576375+00"
10412,60,"hyderabad","SKU1000112","BREAKFAST CEREALS",17451,12247,24903,15,12247,0,21,15,171,"2024-10-25 13:05:48.584458+00","2024-10-25 13:05:48.584458+00"
10413,60,"hyderabad","SKU1000113","BREAKFAST CEREALS",3296,3598,7315,15,3598,0,14,15,171,"2024-10-25 13:05:48.593344+00","2024-10-25 13:05:48.593344+00"
10414,60,"hyderabad","SKU1000114","READY-TO-EAT MEALS",11908,11908,24553,2,1610,10298,15,15,171,"2024-10-25 13:05:48.60291+00","2024-10-25 13:05:48.60291+00"
10415,60,"hyderabad","SKU1000115","READY-TO-EAT MEALS",10661,10661,15470,2,1014,9647,21,21,171,"2024-10-25 13:05:48.61169+00","2024-10-25 13:05:48.61169+00"
10416,60,"hyderabad","SKU1000116","READY-TO-EAT MEALS",2220,2884,43978,2,2884,0,2,2,171,"2024-10-25 13:05:48.620747+00","2024-10-25 13:05:48.620747+00"
10417,60,"hyderabad","SKU1000117","CANNED GOODS",18954,18954,60698,15,29851,-10897,10,10,171,"2024-10-25 13:05:48.629767+00","2024-10-25 13:05:48.629767+00"
10418,60,"hyderabad","SKU1000118","CANNED GOODS",9170,6297,12803,15,6297,0,22,15,171,"2024-10-25 13:05:48.639011+00","2024-10-25 13:05:48.639011+00"
10419,60,"hyderabad","SKU1000119","CARBONATED DRINKS",23720,3964,8060,15,3964,0,90,15,171,"2024-10-25 13:05:48.648307+00","2024-10-25 13:05:48.648307+00"
10420,60,"hyderabad","SKU1000120","CARBONATED DRINKS",6079,6079,51525,15,25340,-19261,4,4,171,"2024-10-25 13:05:48.65821+00","2024-10-25 13:05:48.65821+00"
10421,60,"hyderabad","SKU1000121","CARBONATED DRINKS",8675,8675,2869,15,1411,7264,92,92,171,"2024-10-25 13:05:48.666841+00","2024-10-25 13:05:48.666841+00"
10422,60,"hyderabad","SKU1000122","CARBONATED DRINKS",2283,2283,35097,15,17261,-14978,2,2,171,"2024-10-25 13:05:48.676242+00","2024-10-25 13:05:48.676242+00"
10423,60,"hyderabad","SKU1000123","CARBONATED DRINKS",10735,8828,17951,15,8828,0,18,15,171,"2024-10-25 13:05:48.685547+00","2024-10-25 13:05:48.685547+00"
10424,60,"hyderabad","SKU1000124","JUICES",18282,18282,28859,1,946,17336,19,19,171,"2024-10-25 13:05:48.694176+00","2024-10-25 13:05:48.694176+00"
10425,60,"hyderabad","SKU1000125","JUICES",8449,8449,15343,1,503,7946,17,17,171,"2024-10-25 13:05:48.702644+00","2024-10-25 13:05:48.702644+00"
10426,60,"hyderabad","SKU1000126","JUICES",4170,4170,2335,1,77,4093,54,54,171,"2024-10-25 13:05:48.711915+00","2024-10-25 13:05:48.711915+00"
10427,60,"hyderabad","SKU1000127","JUICES",1769,1769,26965,1,884,885,2,2,171,"2024-10-25 13:05:48.721058+00","2024-10-25 13:05:48.721058+00"
10428,60,"hyderabad","SKU1000128","TEA & COFFEE",21719,19988,28556,15,14044,5944,23,21,171,"2024-10-25 13:05:48.729498+00","2024-10-25 13:05:48.729498+00"
10429,60,"hyderabad","SKU1000129","TEA & COFFEE",5493,5071,10312,15,5071,0,16,15,171,"2024-10-25 13:05:48.738905+00","2024-10-25 13:05:48.738905+00"
10430,60,"hyderabad","SKU1000130","TEA & COFFEE",13351,4061,8257,15,4061,0,49,15,171,"2024-10-25 13:05:48.747678+00","2024-10-25 13:05:48.747678+00"
10431,60,"hyderabad","SKU1000131","TEA & COFFEE",6380,14874,30269,15,14886,-12,6,15,171,"2024-10-25 13:05:48.756557+00","2024-10-25 13:05:48.756557+00"
10432,60,"hyderabad","SKU1000132","TEA & COFFEE",14526,13293,27029,15,13293,0,16,15,171,"2024-10-25 13:05:48.765563+00","2024-10-25 13:05:48.765563+00"
10433,60,"hyderabad","SKU1000133","TEA & COFFEE",8369,8369,19250,15,9467,-1098,13,13,171,"2024-10-25 13:05:48.781527+00","2024-10-25 13:05:48.781527+00"
10434,60,"hyderabad","SKU1000134","TEA & COFFEE",5294,7426,15099,15,7426,0,11,15,171,"2024-10-25 13:05:48.804087+00","2024-10-25 13:05:48.804087+00"
10435,60,"hyderabad","SKU1000135","TEA & COFFEE",7923,7923,29231,15,14376,-6453,8,8,171,"2024-10-25 13:05:48.813092+00","2024-10-25 13:05:48.813092+00"
10436,60,"hyderabad","SKU1000136","ENERGY DRINKS",5554,1172,2383,15,1172,0,71,15,171,"2024-10-25 13:05:48.821418+00","2024-10-25 13:05:48.821418+00"
10437,60,"hyderabad","SKU1000137","ENERGY DRINKS",15342,15342,4816,15,2369,12973,97,97,171,"2024-10-25 13:05:48.829805+00","2024-10-25 13:05:48.829805+00"
10438,60,"hyderabad","SKU1000138","ENERGY DRINKS",6361,9114,18532,15,9114,0,10,15,171,"2024-10-25 13:05:48.838804+00","2024-10-25 13:05:48.838804+00"
10439,60,"hyderabad","SKU1000139","ENERGY DRINKS",2874,2874,10052,15,4944,-2070,9,9,171,"2024-10-25 13:05:48.847572+00","2024-10-25 13:05:48.847572+00"
10440,60,"hyderabad","SKU1000140","ENERGY DRINKS",5054,5054,20855,15,10257,-5203,7,7,171,"2024-10-25 13:05:48.856419+00","2024-10-25 13:05:48.856419+00"
10441,60,"hyderabad","SKU1000141","ENERGY DRINKS",5114,4924,6366,15,3131,1793,25,24,171,"2024-10-25 13:05:48.86442+00","2024-10-25 13:05:48.86442+00"
10442,60,"hyderabad","SKU1000142","BREAD, BISCUITS",5227,5227,15376,1,504,4723,10,10,171,"2024-10-25 13:05:48.873159+00","2024-10-25 13:05:48.873159+00"
10443,60,"hyderabad","SKU1000143","BREAD, BISCUITS",9081,9081,18808,1,617,8464,15,15,171,"2024-10-25 13:05:48.881222+00","2024-10-25 13:05:48.881222+00"
10444,60,"hyderabad","SKU1000144","BREAD, BISCUITS",12099,12099,17681,1,580,11519,21,21,171,"2024-10-25 13:05:48.890092+00","2024-10-25 13:05:48.890092+00"
10445,60,"hyderabad","SKU1000145","BREAD, BISCUITS",3207,3207,13544,1,444,2763,7,7,171,"2024-10-25 13:05:48.898436+00","2024-10-25 13:05:48.898436+00"
10446,60,"hyderabad","SKU1000146","BREAD, BISCUITS",8418,8418,8093,1,265,8153,32,32,171,"2024-10-25 13:05:48.907415+00","2024-10-25 13:05:48.907415+00"
10447,60,"hyderabad","SKU1000147","CAKES, PASTRIES",3533,9259,18826,15,9259,0,6,15,171,"2024-10-25 13:05:48.915574+00","2024-10-25 13:05:48.915574+00"
10448,60,"hyderabad","SKU1000148","CAKES, PASTRIES",9951,12176,24758,15,12176,0,12,15,171,"2024-10-25 13:05:48.923535+00","2024-10-25 13:05:48.923535+00"
10449,60,"hyderabad","SKU1000149","CAKES, PASTRIES",3351,330,670,15,330,0,153,15,171,"2024-10-25 13:05:48.933452+00","2024-10-25 13:05:48.933452+00"
10450,60,"hyderabad","SKU1000150","CAKES, PASTRIES",2792,2792,8247,15,4056,-1264,10,10,171,"2024-10-25 13:05:48.941896+00","2024-10-25 13:05:48.941896+00"
10451,60,"lucknow","SKU1000101","PACKAGED SNACKS",3061,8454,17189,15,8454,0,5,15,171,"2024-10-25 13:05:48.95086+00","2024-10-25 13:05:48.95086+00"
10452,60,"lucknow","SKU1000102","PACKAGED SNACKS",10061,10061,53234,15,26181,-16120,6,6,171,"2024-10-25 13:05:48.96049+00","2024-10-25 13:05:48.96049+00"
10453,60,"lucknow","SKU1000103","PACKAGED SNACKS",6291,6291,20501,15,10082,-3791,9,9,171,"2024-10-25 13:05:48.969355+00","2024-10-25 13:05:48.969355+00"
10454,60,"lucknow","SKU1000104","PACKAGED SNACKS",8452,10315,20973,15,10315,0,12,15,171,"2024-10-25 13:05:48.978317+00","2024-10-25 13:05:48.978317+00"
10455,60,"lucknow","SKU1000105","PACKAGED SNACKS",12835,2606,5298,15,2606,0,74,15,171,"2024-10-25 13:05:48.987283+00","2024-10-25 13:05:48.987283+00"
10456,60,"lucknow","SKU1000106","PACKAGED SNACKS",6665,6665,44706,15,21987,-15322,5,5,171,"2024-10-25 13:05:48.995729+00","2024-10-25 13:05:48.995729+00"
10457,60,"lucknow","SKU1000107","PACKAGED SNACKS",5675,1600,3254,15,1600,0,53,15,171,"2024-10-25 13:05:49.004402+00","2024-10-25 13:05:49.004402+00"
10458,60,"lucknow","SKU1000108","PACKAGED SNACKS",6773,6773,14849,15,7303,-530,14,14,171,"2024-10-25 13:05:49.012459+00","2024-10-25 13:05:49.012459+00"
10459,60,"lucknow","SKU1000109","BREAKFAST CEREALS",697,16434,33416,15,16434,0,1,15,171,"2024-10-25 13:05:49.021762+00","2024-10-25 13:05:49.021762+00"
10460,60,"lucknow","SKU1000110","BREAKFAST CEREALS",15582,12546,25510,15,12546,0,19,15,171,"2024-10-25 13:05:49.031178+00","2024-10-25 13:05:49.031178+00"
10461,60,"lucknow","SKU1000111","BREAKFAST CEREALS",16294,4663,9482,15,4663,0,52,15,171,"2024-10-25 13:05:49.04146+00","2024-10-25 13:05:49.04146+00"
10462,60,"lucknow","SKU1000112","BREAKFAST CEREALS",681,681,24964,15,12277,-11596,1,1,171,"2024-10-25 13:05:49.050648+00","2024-10-25 13:05:49.050648+00"
10463,60,"lucknow","SKU1000113","BREAKFAST CEREALS",19344,19344,23631,15,11622,7722,25,25,171,"2024-10-25 13:05:49.060808+00","2024-10-25 13:05:49.060808+00"
10464,60,"lucknow","SKU1000114","READY-TO-EAT MEALS",2254,2254,10383,2,681,1573,7,7,171,"2024-10-25 13:05:49.070678+00","2024-10-25 13:05:49.070678+00"
10465,60,"lucknow","SKU1000115","READY-TO-EAT MEALS",17285,15882,40661,2,2666,13216,13,12,171,"2024-10-25 13:05:49.079871+00","2024-10-25 13:05:49.079871+00"
10466,60,"lucknow","SKU1000116","READY-TO-EAT MEALS",1708,1708,20957,2,1374,334,2,2,171,"2024-10-25 13:05:49.089479+00","2024-10-25 13:05:49.089479+00"
10467,60,"lucknow","SKU1000117","CANNED GOODS",16352,5226,10626,15,5226,0,47,15,171,"2024-10-25 13:05:49.099136+00","2024-10-25 13:05:49.099136+00"
10468,60,"lucknow","SKU1000118","CANNED GOODS",8780,8780,52375,15,25758,-16978,5,5,171,"2024-10-25 13:05:49.109018+00","2024-10-25 13:05:49.109018+00"
10469,60,"lucknow","SKU1000119","CARBONATED DRINKS",7694,7694,27348,15,13450,-5756,9,9,171,"2024-10-25 13:05:49.117714+00","2024-10-25 13:05:49.117714+00"
10470,60,"lucknow","SKU1000120","CARBONATED DRINKS",6455,2385,4850,15,2385,0,41,15,171,"2024-10-25 13:05:49.127801+00","2024-10-25 13:05:49.127801+00"
10471,60,"lucknow","SKU1000121","CARBONATED DRINKS",12416,12416,22768,15,11197,1219,17,17,171,"2024-10-25 13:05:49.13794+00","2024-10-25 13:05:49.13794+00"
10472,60,"lucknow","SKU1000122","CARBONATED DRINKS",565,565,9975,15,4906,-4341,2,2,171,"2024-10-25 13:05:49.146892+00","2024-10-25 13:05:49.146892+00"
10473,60,"lucknow","SKU1000123","CARBONATED DRINKS",9299,9299,34062,15,16752,-7453,8,8,171,"2024-10-25 13:05:49.157112+00","2024-10-25 13:05:49.157112+00"
10474,60,"lucknow","SKU1000124","JUICES",8552,8552,19940,1,654,7898,13,13,171,"2024-10-25 13:05:49.16617+00","2024-10-25 13:05:49.16617+00"
10475,60,"lucknow","SKU1000125","JUICES",3514,3514,16149,1,529,2985,7,7,171,"2024-10-25 13:05:49.176017+00","2024-10-25 13:05:49.176017+00"
10476,60,"lucknow","SKU1000126","JUICES",12378,12378,12659,1,415,11963,30,30,171,"2024-10-25 13:05:49.185193+00","2024-10-25 13:05:49.185193+00"
10477,60,"lucknow","SKU1000127","JUICES",8570,8570,14254,1,467,8103,18,18,171,"2024-10-25 13:05:49.196196+00","2024-10-25 13:05:49.196196+00"
10478,60,"lucknow","SKU1000128","TEA & COFFEE",6148,8202,16678,15,8202,0,11,15,171,"2024-10-25 13:05:49.205987+00","2024-10-25 13:05:49.205987+00"
10479,60,"lucknow","SKU1000129","TEA & COFFEE",9492,5062,10292,15,5062,0,28,15,171,"2024-10-25 13:05:49.215425+00","2024-10-25 13:05:49.215425+00"
10480,60,"lucknow","SKU1000130","TEA & COFFEE",21294,12584,25588,15,12584,0,25,15,171,"2024-10-25 13:05:49.224836+00","2024-10-25 13:05:49.224836+00"
10481,60,"lucknow","SKU1000131","TEA & COFFEE",8061,7084,14404,15,7084,0,17,15,171,"2024-10-25 13:05:49.234898+00","2024-10-25 13:05:49.234898+00"
10482,60,"lucknow","SKU1000132","TEA & COFFEE",5236,4891,9945,15,4891,0,16,15,171,"2024-10-25 13:05:49.24632+00","2024-10-25 13:05:49.24632+00"
10483,60,"lucknow","SKU1000133","TEA & COFFEE",8505,8505,25705,15,12642,-4137,10,10,171,"2024-10-25 13:05:49.256271+00","2024-10-25 13:05:49.256271+00"
10484,60,"lucknow","SKU1000134","TEA & COFFEE",6292,8527,17339,15,8527,0,11,15,171,"2024-10-25 13:05:49.266333+00","2024-10-25 13:05:49.266333+00"
10485,60,"lucknow","SKU1000135","TEA & COFFEE",9478,9478,24054,15,11830,-2352,12,12,171,"2024-10-25 13:05:49.275132+00","2024-10-25 13:05:49.275132+00"
10486,60,"lucknow","SKU1000136","ENERGY DRINKS",8478,8464,4743,15,2333,6131,55,54,171,"2024-10-25 13:05:49.285002+00","2024-10-25 13:05:49.285002+00"
10487,60,"lucknow","SKU1000137","ENERGY DRINKS",8897,8897,11568,15,5689,3208,23,23,171,"2024-10-25 13:05:49.295324+00","2024-10-25 13:05:49.295324+00"
10488,60,"lucknow","SKU1000138","ENERGY DRINKS",1924,4719,9596,15,4719,0,6,15,171,"2024-10-25 13:05:49.305014+00","2024-10-25 13:05:49.305014+00"
10489,60,"lucknow","SKU1000139","ENERGY DRINKS",6595,6595,16490,15,8110,-1515,12,12,171,"2024-10-25 13:05:49.315698+00","2024-10-25 13:05:49.315698+00"
10490,60,"lucknow","SKU1000140","ENERGY DRINKS",7061,1000,2034,15,1000,0,106,15,171,"2024-10-25 13:05:49.325712+00","2024-10-25 13:05:49.325712+00"
10491,60,"lucknow","SKU1000141","ENERGY DRINKS",6319,6319,9571,15,4707,1612,20,20,171,"2024-10-25 13:05:49.334679+00","2024-10-25 13:05:49.334679+00"
10492,60,"lucknow","SKU1000142","BREAD, BISCUITS",1739,1739,24625,1,807,932,2,2,171,"2024-10-25 13:05:49.344028+00","2024-10-25 13:05:49.344028+00"
10493,60,"lucknow","SKU1000143","BREAD, BISCUITS",1885,1885,1255,1,41,1844,46,46,171,"2024-10-25 13:05:49.354776+00","2024-10-25 13:05:49.354776+00"
10494,60,"lucknow","SKU1000144","BREAD, BISCUITS",13309,13309,1199,1,39,13270,339,339,171,"2024-10-25 13:05:49.363697+00","2024-10-25 13:05:49.363697+00"
10495,60,"lucknow","SKU1000145","BREAD, BISCUITS",7670,7670,1240,1,41,7629,189,189,171,"2024-10-25 13:05:49.375044+00","2024-10-25 13:05:49.375044+00"
10496,60,"lucknow","SKU1000146","BREAD, BISCUITS",1279,1279,34683,1,1137,142,1,1,171,"2024-10-25 13:05:49.385029+00","2024-10-25 13:05:49.385029+00"
10497,60,"lucknow","SKU1000147","CAKES, PASTRIES",2524,2524,3269,15,1608,916,24,24,171,"2024-10-25 13:05:49.393755+00","2024-10-25 13:05:49.393755+00"
10498,60,"lucknow","SKU1000148","CAKES, PASTRIES",2475,7818,15897,15,7818,0,5,15,171,"2024-10-25 13:05:49.409944+00","2024-10-25 13:05:49.409944+00"
10499,60,"lucknow","SKU1000149","CAKES, PASTRIES",13030,5173,10518,15,5173,0,38,15,171,"2024-10-25 13:05:49.420796+00","2024-10-25 13:05:49.420796+00"
10500,60,"lucknow","SKU1000150","CAKES, PASTRIES",5646,5646,15318,15,7533,-1887,11,11,171,"2024-10-25 13:05:49.429713+00","2024-10-25 13:05:49.429713+00"
